COUNTRY_YEAR_ID,YEAR,COUNTRY_CODE
1,2015,FINL
2,2015,DENM
3,2015,SWIT
4,2015,ICEL
5,2015,NORW
6,2015,NETH
7,2015,SWED
8,2015,NEWZ
9,2015,AUST
10,2015,LUXE
11,2015,CANA
12,2015,AUS
13,2015,UK
14,2015,ISRA
15,2015,COST
16,2015,IREL
17,2015,GERM
18,2015,USA
19,2015,CZER
20,2015,BELG
21,2015,UAE
22,2015,MALT
23,2015,FRAN
24,2015,MEXI
25,2015,TAIW
26,2015,URUG
27,2015,SAUD
28,2015,SPAI
29,2015,GUAT
30,2015,ITAL
31,2015,SING
32,2015,BRAZ
33,2015,SLON
34,2015,ELS
35,2015,KOSO
36,2015,PANA
37,2015,SLOV
38,2015,UZBE
39,2015,CHIL
40,2015,BAHR
41,2015,LITH
42,2015,TRIN
43,2015,POLA
44,2015,COLO
45,2015,CYPR
46,2015,NICA
47,2015,ROMA
48,2015,KUWA
49,2015,MARI
50,2015,KAZA
51,2015,ESTO
52,2015,PHIL
53,2015,HUNG
54,2015,THAI
55,2015,ARGE
56,2015,HOND
57,2015,LATV
58,2015,ECUA
59,2015,PORT
60,2015,JAMA
61,2015,SKOR
62,2015,JAPA
63,2015,PERU
64,2015,SERB
65,2015,BOLI
66,2015,PAKI
67,2015,PARA
68,2015,DOMI
69,2015,BOSN
70,2015,MOLD
71,2015,TAJI
72,2015,MONT
73,2015,RUSS
74,2015,KYRG
75,2015,BELA
76,2015,NOTC
77,2015,GREE
78,2015,HONG
79,2015,CROA
80,2015,LIBY
81,2015,MONG
82,2015,MALY
83,2015,VIET
84,2015,INDO
85,2015,IVOR
86,2015,BENI
87,2015,MALD
88,2015,CONG
89,2015,AZER
90,2015,MACE
91,2015,GHAN
92,2015,NEPA
93,2015,TURK
94,2015,CHIN
95,2015,TURM
96,2015,BULG
97,2015,MORO
98,2015,CAME
99,2015,VENE
100,2015,ALGE
101,2015,SENE
102,2015,GUIN
103,2015,NIGE
104,2015,LAOS
105,2015,ALBA
106,2015,CAMB
107,2015,BANG
108,2015,GABO
109,2015,SOAF
110,2015,IRAQ
111,2015,LEBA
112,2015,BURK
113,2015,GAMB
114,2015,MALI
115,2015,NIGA
116,2015,ARME
117,2015,GEOR
118,2015,IRAN
119,2015,JORD
120,2015,MOZA
121,2015,KENY
122,2015,NAMI
123,2015,UKRA
124,2015,LIBE
125,2015,PALE
126,2015,UGAN
127,2015,CHAD
128,2015,TUNI
129,2015,MAUR
130,2015,SRIL
131,2015,SWAZ
132,2015,MYAN
133,2015,COMO
134,2015,TOGO
135,2015,ETHI
136,2015,MADA
137,2015,EGYP
138,2015,SIER
139,2015,BURU
140,2015,ZAMB
141,2015,HAIT
142,2015,LESO
143,2015,IND
144,2015,MALA
145,2015,YEME
146,2015,BOTS
147,2015,TANZ
148,2015,CENT
149,2015,RWAN
150,2015,ZIMB
151,2015,SSUD
152,2015,AFGH
153,2015,PUER
154,2015,QATA
155,2015,SURI
156,2015,BELI
157,2015,SOMA
158,2015,BHUT
159,2015,SOML
160,2015,SUDA
161,2015,ANGO
162,2015,SYRI
163,2015,NOTM
164,2015,OMAN
165,2015,DJIB
166,2015,CZEC
167,2015,ESWA
168,2015,XX
169,2016,FINL
170,2016,DENM
171,2016,SWIT
172,2016,ICEL
173,2016,NORW
174,2016,NETH
175,2016,SWED
176,2016,NEWZ
177,2016,AUST
178,2016,LUXE
179,2016,CANA
180,2016,AUS
181,2016,UK
182,2016,ISRA
183,2016,COST
184,2016,IREL
185,2016,GERM
186,2016,USA
187,2016,CZER
188,2016,BELG
189,2016,UAE
190,2016,MALT
191,2016,FRAN
192,2016,MEXI
193,2016,TAIW
194,2016,URUG
195,2016,SAUD
196,2016,SPAI
197,2016,GUAT
198,2016,ITAL
199,2016,SING
200,2016,BRAZ
201,2016,SLON
202,2016,ELS
203,2016,KOSO
204,2016,PANA
205,2016,SLOV
206,2016,UZBE
207,2016,CHIL
208,2016,BAHR
209,2016,LITH
210,2016,TRIN
211,2016,POLA
212,2016,COLO
213,2016,CYPR
214,2016,NICA
215,2016,ROMA
216,2016,KUWA
217,2016,MARI
218,2016,KAZA
219,2016,ESTO
220,2016,PHIL
221,2016,HUNG
222,2016,THAI
223,2016,ARGE
224,2016,HOND
225,2016,LATV
226,2016,ECUA
227,2016,PORT
228,2016,JAMA
229,2016,SKOR
230,2016,JAPA
231,2016,PERU
232,2016,SERB
233,2016,BOLI
234,2016,PAKI
235,2016,PARA
236,2016,DOMI
237,2016,BOSN
238,2016,MOLD
239,2016,TAJI
240,2016,MONT
241,2016,RUSS
242,2016,KYRG
243,2016,BELA
244,2016,NOTC
245,2016,GREE
246,2016,HONG
247,2016,CROA
248,2016,LIBY
249,2016,MONG
250,2016,MALY
251,2016,VIET
252,2016,INDO
253,2016,IVOR
254,2016,BENI
255,2016,MALD
256,2016,CONG
257,2016,AZER
258,2016,MACE
259,2016,GHAN
260,2016,NEPA
261,2016,TURK
262,2016,CHIN
263,2016,TURM
264,2016,BULG
265,2016,MORO
266,2016,CAME
267,2016,VENE
268,2016,ALGE
269,2016,SENE
270,2016,GUIN
271,2016,NIGE
272,2016,LAOS
273,2016,ALBA
274,2016,CAMB
275,2016,BANG
276,2016,GABO
277,2016,SOAF
278,2016,IRAQ
279,2016,LEBA
280,2016,BURK
281,2016,GAMB
282,2016,MALI
283,2016,NIGA
284,2016,ARME
285,2016,GEOR
286,2016,IRAN
287,2016,JORD
288,2016,MOZA
289,2016,KENY
290,2016,NAMI
291,2016,UKRA
292,2016,LIBE
293,2016,PALE
294,2016,UGAN
295,2016,CHAD
296,2016,TUNI
297,2016,MAUR
298,2016,SRIL
299,2016,SWAZ
300,2016,MYAN
301,2016,COMO
302,2016,TOGO
303,2016,ETHI
304,2016,MADA
305,2016,EGYP
306,2016,SIER
307,2016,BURU
308,2016,ZAMB
309,2016,HAIT
310,2016,LESO
311,2016,IND
312,2016,MALA
313,2016,YEME
314,2016,BOTS
315,2016,TANZ
316,2016,CENT
317,2016,RWAN
318,2016,ZIMB
319,2016,SSUD
320,2016,AFGH
321,2016,PUER
322,2016,QATA
323,2016,SURI
324,2016,BELI
325,2016,SOMA
326,2016,BHUT
327,2016,SOML
328,2016,SUDA
329,2016,ANGO
330,2016,SYRI
331,2016,NOTM
332,2016,OMAN
333,2016,DJIB
334,2016,CZEC
335,2016,ESWA
336,2016,XX
337,2017,FINL
338,2017,DENM
339,2017,SWIT
340,2017,ICEL
341,2017,NORW
342,2017,NETH
343,2017,SWED
344,2017,NEWZ
345,2017,AUST
346,2017,LUXE
347,2017,CANA
348,2017,AUS
349,2017,UK
350,2017,ISRA
351,2017,COST
352,2017,IREL
353,2017,GERM
354,2017,USA
355,2017,CZER
356,2017,BELG
357,2017,UAE
358,2017,MALT
359,2017,FRAN
360,2017,MEXI
361,2017,TAIW
362,2017,URUG
363,2017,SAUD
364,2017,SPAI
365,2017,GUAT
366,2017,ITAL
367,2017,SING
368,2017,BRAZ
369,2017,SLON
370,2017,ELS
371,2017,KOSO
372,2017,PANA
373,2017,SLOV
374,2017,UZBE
375,2017,CHIL
376,2017,BAHR
377,2017,LITH
378,2017,TRIN
379,2017,POLA
380,2017,COLO
381,2017,CYPR
382,2017,NICA
383,2017,ROMA
384,2017,KUWA
385,2017,MARI
386,2017,KAZA
387,2017,ESTO
388,2017,PHIL
389,2017,HUNG
390,2017,THAI
391,2017,ARGE
392,2017,HOND
393,2017,LATV
394,2017,ECUA
395,2017,PORT
396,2017,JAMA
397,2017,SKOR
398,2017,JAPA
399,2017,PERU
400,2017,SERB
401,2017,BOLI
402,2017,PAKI
403,2017,PARA
404,2017,DOMI
405,2017,BOSN
406,2017,MOLD
407,2017,TAJI
408,2017,MONT
409,2017,RUSS
410,2017,KYRG
411,2017,BELA
412,2017,NOTC
413,2017,GREE
414,2017,HONG
415,2017,CROA
416,2017,LIBY
417,2017,MONG
418,2017,MALY
419,2017,VIET
420,2017,INDO
421,2017,IVOR
422,2017,BENI
423,2017,MALD
424,2017,CONG
425,2017,AZER
426,2017,MACE
427,2017,GHAN
428,2017,NEPA
429,2017,TURK
430,2017,CHIN
431,2017,TURM
432,2017,BULG
433,2017,MORO
434,2017,CAME
435,2017,VENE
436,2017,ALGE
437,2017,SENE
438,2017,GUIN
439,2017,NIGE
440,2017,LAOS
441,2017,ALBA
442,2017,CAMB
443,2017,BANG
444,2017,GABO
445,2017,SOAF
446,2017,IRAQ
447,2017,LEBA
448,2017,BURK
449,2017,GAMB
450,2017,MALI
451,2017,NIGA
452,2017,ARME
453,2017,GEOR
454,2017,IRAN
455,2017,JORD
456,2017,MOZA
457,2017,KENY
458,2017,NAMI
459,2017,UKRA
460,2017,LIBE
461,2017,PALE
462,2017,UGAN
463,2017,CHAD
464,2017,TUNI
465,2017,MAUR
466,2017,SRIL
467,2017,SWAZ
468,2017,MYAN
469,2017,COMO
470,2017,TOGO
471,2017,ETHI
472,2017,MADA
473,2017,EGYP
474,2017,SIER
475,2017,BURU
476,2017,ZAMB
477,2017,HAIT
478,2017,LESO
479,2017,IND
480,2017,MALA
481,2017,YEME
482,2017,BOTS
483,2017,TANZ
484,2017,CENT
485,2017,RWAN
486,2017,ZIMB
487,2017,SSUD
488,2017,AFGH
489,2017,PUER
490,2017,QATA
491,2017,SURI
492,2017,BELI
493,2017,SOMA
494,2017,BHUT
495,2017,SOML
496,2017,SUDA
497,2017,ANGO
498,2017,SYRI
499,2017,NOTM
500,2017,OMAN
501,2017,DJIB
502,2017,CZEC
503,2017,ESWA
504,2017,XX
505,2018,FINL
506,2018,DENM
507,2018,SWIT
508,2018,ICEL
509,2018,NORW
510,2018,NETH
511,2018,SWED
512,2018,NEWZ
513,2018,AUST
514,2018,LUXE
515,2018,CANA
516,2018,AUS
517,2018,UK
518,2018,ISRA
519,2018,COST
520,2018,IREL
521,2018,GERM
522,2018,USA
523,2018,CZER
524,2018,BELG
525,2018,UAE
526,2018,MALT
527,2018,FRAN
528,2018,MEXI
529,2018,TAIW
530,2018,URUG
531,2018,SAUD
532,2018,SPAI
533,2018,GUAT
534,2018,ITAL
535,2018,SING
536,2018,BRAZ
537,2018,SLON
538,2018,ELS
539,2018,KOSO
540,2018,PANA
541,2018,SLOV
542,2018,UZBE
543,2018,CHIL
544,2018,BAHR
545,2018,LITH
546,2018,TRIN
547,2018,POLA
548,2018,COLO
549,2018,CYPR
550,2018,NICA
551,2018,ROMA
552,2018,KUWA
553,2018,MARI
554,2018,KAZA
555,2018,ESTO
556,2018,PHIL
557,2018,HUNG
558,2018,THAI
559,2018,ARGE
560,2018,HOND
561,2018,LATV
562,2018,ECUA
563,2018,PORT
564,2018,JAMA
565,2018,SKOR
566,2018,JAPA
567,2018,PERU
568,2018,SERB
569,2018,BOLI
570,2018,PAKI
571,2018,PARA
572,2018,DOMI
573,2018,BOSN
574,2018,MOLD
575,2018,TAJI
576,2018,MONT
577,2018,RUSS
578,2018,KYRG
579,2018,BELA
580,2018,NOTC
581,2018,GREE
582,2018,HONG
583,2018,CROA
584,2018,LIBY
585,2018,MONG
586,2018,MALY
587,2018,VIET
588,2018,INDO
589,2018,IVOR
590,2018,BENI
591,2018,MALD
592,2018,CONG
593,2018,AZER
594,2018,MACE
595,2018,GHAN
596,2018,NEPA
597,2018,TURK
598,2018,CHIN
599,2018,TURM
600,2018,BULG
601,2018,MORO
602,2018,CAME
603,2018,VENE
604,2018,ALGE
605,2018,SENE
606,2018,GUIN
607,2018,NIGE
608,2018,LAOS
609,2018,ALBA
610,2018,CAMB
611,2018,BANG
612,2018,GABO
613,2018,SOAF
614,2018,IRAQ
615,2018,LEBA
616,2018,BURK
617,2018,GAMB
618,2018,MALI
619,2018,NIGA
620,2018,ARME
621,2018,GEOR
622,2018,IRAN
623,2018,JORD
624,2018,MOZA
625,2018,KENY
626,2018,NAMI
627,2018,UKRA
628,2018,LIBE
629,2018,PALE
630,2018,UGAN
631,2018,CHAD
632,2018,TUNI
633,2018,MAUR
634,2018,SRIL
635,2018,SWAZ
636,2018,MYAN
637,2018,COMO
638,2018,TOGO
639,2018,ETHI
640,2018,MADA
641,2018,EGYP
642,2018,SIER
643,2018,BURU
644,2018,ZAMB
645,2018,HAIT
646,2018,LESO
647,2018,IND
648,2018,MALA
649,2018,YEME
650,2018,BOTS
651,2018,TANZ
652,2018,CENT
653,2018,RWAN
654,2018,ZIMB
655,2018,SSUD
656,2018,AFGH
657,2018,PUER
658,2018,QATA
659,2018,SURI
660,2018,BELI
661,2018,SOMA
662,2018,BHUT
663,2018,SOML
664,2018,SUDA
665,2018,ANGO
666,2018,SYRI
667,2018,NOTM
668,2018,OMAN
669,2018,DJIB
670,2018,CZEC
671,2018,ESWA
672,2018,XX
673,2019,FINL
674,2019,DENM
675,2019,SWIT
676,2019,ICEL
677,2019,NORW
678,2019,NETH
679,2019,SWED
680,2019,NEWZ
681,2019,AUST
682,2019,LUXE
683,2019,CANA
684,2019,AUS
685,2019,UK
686,2019,ISRA
687,2019,COST
688,2019,IREL
689,2019,GERM
690,2019,USA
691,2019,CZER
692,2019,BELG
693,2019,UAE
694,2019,MALT
695,2019,FRAN
696,2019,MEXI
697,2019,TAIW
698,2019,URUG
699,2019,SAUD
700,2019,SPAI
701,2019,GUAT
702,2019,ITAL
703,2019,SING
704,2019,BRAZ
705,2019,SLON
706,2019,ELS
707,2019,KOSO
708,2019,PANA
709,2019,SLOV
710,2019,UZBE
711,2019,CHIL
712,2019,BAHR
713,2019,LITH
714,2019,TRIN
715,2019,POLA
716,2019,COLO
717,2019,CYPR
718,2019,NICA
719,2019,ROMA
720,2019,KUWA
721,2019,MARI
722,2019,KAZA
723,2019,ESTO
724,2019,PHIL
725,2019,HUNG
726,2019,THAI
727,2019,ARGE
728,2019,HOND
729,2019,LATV
730,2019,ECUA
731,2019,PORT
732,2019,JAMA
733,2019,SKOR
734,2019,JAPA
735,2019,PERU
736,2019,SERB
737,2019,BOLI
738,2019,PAKI
739,2019,PARA
740,2019,DOMI
741,2019,BOSN
742,2019,MOLD
743,2019,TAJI
744,2019,MONT
745,2019,RUSS
746,2019,KYRG
747,2019,BELA
748,2019,NOTC
749,2019,GREE
750,2019,HONG
751,2019,CROA
752,2019,LIBY
753,2019,MONG
754,2019,MALY
755,2019,VIET
756,2019,INDO
757,2019,IVOR
758,2019,BENI
759,2019,MALD
760,2019,CONG
761,2019,AZER
762,2019,MACE
763,2019,GHAN
764,2019,NEPA
765,2019,TURK
766,2019,CHIN
767,2019,TURM
768,2019,BULG
769,2019,MORO
770,2019,CAME
771,2019,VENE
772,2019,ALGE
773,2019,SENE
774,2019,GUIN
775,2019,NIGE
776,2019,LAOS
777,2019,ALBA
778,2019,CAMB
779,2019,BANG
780,2019,GABO
781,2019,SOAF
782,2019,IRAQ
783,2019,LEBA
784,2019,BURK
785,2019,GAMB
786,2019,MALI
787,2019,NIGA
788,2019,ARME
789,2019,GEOR
790,2019,IRAN
791,2019,JORD
792,2019,MOZA
793,2019,KENY
794,2019,NAMI
795,2019,UKRA
796,2019,LIBE
797,2019,PALE
798,2019,UGAN
799,2019,CHAD
800,2019,TUNI
801,2019,MAUR
802,2019,SRIL
803,2019,SWAZ
804,2019,MYAN
805,2019,COMO
806,2019,TOGO
807,2019,ETHI
808,2019,MADA
809,2019,EGYP
810,2019,SIER
811,2019,BURU
812,2019,ZAMB
813,2019,HAIT
814,2019,LESO
815,2019,IND
816,2019,MALA
817,2019,YEME
818,2019,BOTS
819,2019,TANZ
820,2019,CENT
821,2019,RWAN
822,2019,ZIMB
823,2019,SSUD
824,2019,AFGH
825,2019,PUER
826,2019,QATA
827,2019,SURI
828,2019,BELI
829,2019,SOMA
830,2019,BHUT
831,2019,SOML
832,2019,SUDA
833,2019,ANGO
834,2019,SYRI
835,2019,NOTM
836,2019,OMAN
837,2019,DJIB
838,2019,CZEC
839,2019,ESWA
840,2019,XX
841,2020,FINL
842,2020,DENM
843,2020,SWIT
844,2020,ICEL
845,2020,NORW
846,2020,NETH
847,2020,SWED
848,2020,NEWZ
849,2020,AUST
850,2020,LUXE
851,2020,CANA
852,2020,AUS
853,2020,UK
854,2020,ISRA
855,2020,COST
856,2020,IREL
857,2020,GERM
858,2020,USA
859,2020,CZER
860,2020,BELG
861,2020,UAE
862,2020,MALT
863,2020,FRAN
864,2020,MEXI
865,2020,TAIW
866,2020,URUG
867,2020,SAUD
868,2020,SPAI
869,2020,GUAT
870,2020,ITAL
871,2020,SING
872,2020,BRAZ
873,2020,SLON
874,2020,ELS
875,2020,KOSO
876,2020,PANA
877,2020,SLOV
878,2020,UZBE
879,2020,CHIL
880,2020,BAHR
881,2020,LITH
882,2020,TRIN
883,2020,POLA
884,2020,COLO
885,2020,CYPR
886,2020,NICA
887,2020,ROMA
888,2020,KUWA
889,2020,MARI
890,2020,KAZA
891,2020,ESTO
892,2020,PHIL
893,2020,HUNG
894,2020,THAI
895,2020,ARGE
896,2020,HOND
897,2020,LATV
898,2020,ECUA
899,2020,PORT
900,2020,JAMA
901,2020,SKOR
902,2020,JAPA
903,2020,PERU
904,2020,SERB
905,2020,BOLI
906,2020,PAKI
907,2020,PARA
908,2020,DOMI
909,2020,BOSN
910,2020,MOLD
911,2020,TAJI
912,2020,MONT
913,2020,RUSS
914,2020,KYRG
915,2020,BELA
916,2020,NOTC
917,2020,GREE
918,2020,HONG
919,2020,CROA
920,2020,LIBY
921,2020,MONG
922,2020,MALY
923,2020,VIET
924,2020,INDO
925,2020,IVOR
926,2020,BENI
927,2020,MALD
928,2020,CONG
929,2020,AZER
930,2020,MACE
931,2020,GHAN
932,2020,NEPA
933,2020,TURK
934,2020,CHIN
935,2020,TURM
936,2020,BULG
937,2020,MORO
938,2020,CAME
939,2020,VENE
940,2020,ALGE
941,2020,SENE
942,2020,GUIN
943,2020,NIGE
944,2020,LAOS
945,2020,ALBA
946,2020,CAMB
947,2020,BANG
948,2020,GABO
949,2020,SOAF
950,2020,IRAQ
951,2020,LEBA
952,2020,BURK
953,2020,GAMB
954,2020,MALI
955,2020,NIGA
956,2020,ARME
957,2020,GEOR
958,2020,IRAN
959,2020,JORD
960,2020,MOZA
961,2020,KENY
962,2020,NAMI
963,2020,UKRA
964,2020,LIBE
965,2020,PALE
966,2020,UGAN
967,2020,CHAD
968,2020,TUNI
969,2020,MAUR
970,2020,SRIL
971,2020,SWAZ
972,2020,MYAN
973,2020,COMO
974,2020,TOGO
975,2020,ETHI
976,2020,MADA
977,2020,EGYP
978,2020,SIER
979,2020,BURU
980,2020,ZAMB
981,2020,HAIT
982,2020,LESO
983,2020,IND
984,2020,MALA
985,2020,YEME
986,2020,BOTS
987,2020,TANZ
988,2020,CENT
989,2020,RWAN
990,2020,ZIMB
991,2020,SSUD
992,2020,AFGH
993,2020,PUER
994,2020,QATA
995,2020,SURI
996,2020,BELI
997,2020,SOMA
998,2020,BHUT
999,2020,SOML
1000,2020,SUDA
1001,2020,ANGO
1002,2020,SYRI
1003,2020,NOTM
1004,2020,OMAN
1005,2020,DJIB
1006,2020,CZEC
1007,2020,ESWA
1008,2020,XX
1009,2021,FINL
1010,2021,DENM
1011,2021,SWIT
1012,2021,ICEL
1013,2021,NORW
1014,2021,NETH
1015,2021,SWED
1016,2021,NEWZ
1017,2021,AUST
1018,2021,LUXE
1019,2021,CANA
1020,2021,AUS
1021,2021,UK
1022,2021,ISRA
1023,2021,COST
1024,2021,IREL
1025,2021,GERM
1026,2021,USA
1027,2021,CZER
1028,2021,BELG
1029,2021,UAE
1030,2021,MALT
1031,2021,FRAN
1032,2021,MEXI
1033,2021,TAIW
1034,2021,URUG
1035,2021,SAUD
1036,2021,SPAI
1037,2021,GUAT
1038,2021,ITAL
1039,2021,SING
1040,2021,BRAZ
1041,2021,SLON
1042,2021,ELS
1043,2021,KOSO
1044,2021,PANA
1045,2021,SLOV
1046,2021,UZBE
1047,2021,CHIL
1048,2021,BAHR
1049,2021,LITH
1050,2021,TRIN
1051,2021,POLA
1052,2021,COLO
1053,2021,CYPR
1054,2021,NICA
1055,2021,ROMA
1056,2021,KUWA
1057,2021,MARI
1058,2021,KAZA
1059,2021,ESTO
1060,2021,PHIL
1061,2021,HUNG
1062,2021,THAI
1063,2021,ARGE
1064,2021,HOND
1065,2021,LATV
1066,2021,ECUA
1067,2021,PORT
1068,2021,JAMA
1069,2021,SKOR
1070,2021,JAPA
1071,2021,PERU
1072,2021,SERB
1073,2021,BOLI
1074,2021,PAKI
1075,2021,PARA
1076,2021,DOMI
1077,2021,BOSN
1078,2021,MOLD
1079,2021,TAJI
1080,2021,MONT
1081,2021,RUSS
1082,2021,KYRG
1083,2021,BELA
1084,2021,NOTC
1085,2021,GREE
1086,2021,HONG
1087,2021,CROA
1088,2021,LIBY
1089,2021,MONG
1090,2021,MALY
1091,2021,VIET
1092,2021,INDO
1093,2021,IVOR
1094,2021,BENI
1095,2021,MALD
1096,2021,CONG
1097,2021,AZER
1098,2021,MACE
1099,2021,GHAN
1100,2021,NEPA
1101,2021,TURK
1102,2021,CHIN
1103,2021,TURM
1104,2021,BULG
1105,2021,MORO
1106,2021,CAME
1107,2021,VENE
1108,2021,ALGE
1109,2021,SENE
1110,2021,GUIN
1111,2021,NIGE
1112,2021,LAOS
1113,2021,ALBA
1114,2021,CAMB
1115,2021,BANG
1116,2021,GABO
1117,2021,SOAF
1118,2021,IRAQ
1119,2021,LEBA
1120,2021,BURK
1121,2021,GAMB
1122,2021,MALI
1123,2021,NIGA
1124,2021,ARME
1125,2021,GEOR
1126,2021,IRAN
1127,2021,JORD
1128,2021,MOZA
1129,2021,KENY
1130,2021,NAMI
1131,2021,UKRA
1132,2021,LIBE
1133,2021,PALE
1134,2021,UGAN
1135,2021,CHAD
1136,2021,TUNI
1137,2021,MAUR
1138,2021,SRIL
1139,2021,SWAZ
1140,2021,MYAN
1141,2021,COMO
1142,2021,TOGO
1143,2021,ETHI
1144,2021,MADA
1145,2021,EGYP
1146,2021,SIER
1147,2021,BURU
1148,2021,ZAMB
1149,2021,HAIT
1150,2021,LESO
1151,2021,IND
1152,2021,MALA
1153,2021,YEME
1154,2021,BOTS
1155,2021,TANZ
1156,2021,CENT
1157,2021,RWAN
1158,2021,ZIMB
1159,2021,SSUD
1160,2021,AFGH
1161,2021,PUER
1162,2021,QATA
1163,2021,SURI
1164,2021,BELI
1165,2021,SOMA
1166,2021,BHUT
1167,2021,SOML
1168,2021,SUDA
1169,2021,ANGO
1170,2021,SYRI
1171,2021,NOTM
1172,2021,OMAN
1173,2021,DJIB
1174,2021,CZEC
1175,2021,ESWA
1176,2021,XX
1177,2022,FINL
1178,2022,DENM
1179,2022,SWIT
1180,2022,ICEL
1181,2022,NORW
1182,2022,NETH
1183,2022,SWED
1184,2022,NEWZ
1185,2022,AUST
1186,2022,LUXE
1187,2022,CANA
1188,2022,AUS
1189,2022,UK
1190,2022,ISRA
1191,2022,COST
1192,2022,IREL
1193,2022,GERM
1194,2022,USA
1195,2022,CZER
1196,2022,BELG
1197,2022,UAE
1198,2022,MALT
1199,2022,FRAN
1200,2022,MEXI
1201,2022,TAIW
1202,2022,URUG
1203,2022,SAUD
1204,2022,SPAI
1205,2022,GUAT
1206,2022,ITAL
1207,2022,SING
1208,2022,BRAZ
1209,2022,SLON
1210,2022,ELS
1211,2022,KOSO
1212,2022,PANA
1213,2022,SLOV
1214,2022,UZBE
1215,2022,CHIL
1216,2022,BAHR
1217,2022,LITH
1218,2022,TRIN
1219,2022,POLA
1220,2022,COLO
1221,2022,CYPR
1222,2022,NICA
1223,2022,ROMA
1224,2022,KUWA
1225,2022,MARI
1226,2022,KAZA
1227,2022,ESTO
1228,2022,PHIL
1229,2022,HUNG
1230,2022,THAI
1231,2022,ARGE
1232,2022,HOND
1233,2022,LATV
1234,2022,ECUA
1235,2022,PORT
1236,2022,JAMA
1237,2022,SKOR
1238,2022,JAPA
1239,2022,PERU
1240,2022,SERB
1241,2022,BOLI
1242,2022,PAKI
1243,2022,PARA
1244,2022,DOMI
1245,2022,BOSN
1246,2022,MOLD
1247,2022,TAJI
1248,2022,MONT
1249,2022,RUSS
1250,2022,KYRG
1251,2022,BELA
1252,2022,NOTC
1253,2022,GREE
1254,2022,HONG
1255,2022,CROA
1256,2022,LIBY
1257,2022,MONG
1258,2022,MALY
1259,2022,VIET
1260,2022,INDO
1261,2022,IVOR
1262,2022,BENI
1263,2022,MALD
1264,2022,CONG
1265,2022,AZER
1266,2022,MACE
1267,2022,GHAN
1268,2022,NEPA
1269,2022,TURK
1270,2022,CHIN
1271,2022,TURM
1272,2022,BULG
1273,2022,MORO
1274,2022,CAME
1275,2022,VENE
1276,2022,ALGE
1277,2022,SENE
1278,2022,GUIN
1279,2022,NIGE
1280,2022,LAOS
1281,2022,ALBA
1282,2022,CAMB
1283,2022,BANG
1284,2022,GABO
1285,2022,SOAF
1286,2022,IRAQ
1287,2022,LEBA
1288,2022,BURK
1289,2022,GAMB
1290,2022,MALI
1291,2022,NIGA
1292,2022,ARME
1293,2022,GEOR
1294,2022,IRAN
1295,2022,JORD
1296,2022,MOZA
1297,2022,KENY
1298,2022,NAMI
1299,2022,UKRA
1300,2022,LIBE
1301,2022,PALE
1302,2022,UGAN
1303,2022,CHAD
1304,2022,TUNI
1305,2022,MAUR
1306,2022,SRIL
1307,2022,SWAZ
1308,2022,MYAN
1309,2022,COMO
1310,2022,TOGO
1311,2022,ETHI
1312,2022,MADA
1313,2022,EGYP
1314,2022,SIER
1315,2022,BURU
1316,2022,ZAMB
1317,2022,HAIT
1318,2022,LESO
1319,2022,IND
1320,2022,MALA
1321,2022,YEME
1322,2022,BOTS
1323,2022,TANZ
1324,2022,CENT
1325,2022,RWAN
1326,2022,ZIMB
1327,2022,SSUD
1328,2022,AFGH
1329,2022,PUER
1330,2022,QATA
1331,2022,SURI
1332,2022,BELI
1333,2022,SOMA
1334,2022,BHUT
1335,2022,SOML
1336,2022,SUDA
1337,2022,ANGO
1338,2022,SYRI
1339,2022,NOTM
1340,2022,OMAN
1341,2022,DJIB
1342,2022,CZEC
1343,2022,ESWA
1344,2022,XX
1345,2023,FINL
1346,2023,DENM
1347,2023,SWIT
1348,2023,ICEL
1349,2023,NORW
1350,2023,NETH
1351,2023,SWED
1352,2023,NEWZ
1353,2023,AUST
1354,2023,LUXE
1355,2023,CANA
1356,2023,AUS
1357,2023,UK
1358,2023,ISRA
1359,2023,COST
1360,2023,IREL
1361,2023,GERM
1362,2023,USA
1363,2023,CZER
1364,2023,BELG
1365,2023,UAE
1366,2023,MALT
1367,2023,FRAN
1368,2023,MEXI
1369,2023,TAIW
1370,2023,URUG
1371,2023,SAUD
1372,2023,SPAI
1373,2023,GUAT
1374,2023,ITAL
1375,2023,SING
1376,2023,BRAZ
1377,2023,SLON
1378,2023,ELS
1379,2023,KOSO
1380,2023,PANA
1381,2023,SLOV
1382,2023,UZBE
1383,2023,CHIL
1384,2023,BAHR
1385,2023,LITH
1386,2023,TRIN
1387,2023,POLA
1388,2023,COLO
1389,2023,CYPR
1390,2023,NICA
1391,2023,ROMA
1392,2023,KUWA
1393,2023,MARI
1394,2023,KAZA
1395,2023,ESTO
1396,2023,PHIL
1397,2023,HUNG
1398,2023,THAI
1399,2023,ARGE
1400,2023,HOND
1401,2023,LATV
1402,2023,ECUA
1403,2023,PORT
1404,2023,JAMA
1405,2023,SKOR
1406,2023,JAPA
1407,2023,PERU
1408,2023,SERB
1409,2023,BOLI
1410,2023,PAKI
1411,2023,PARA
1412,2023,DOMI
1413,2023,BOSN
1414,2023,MOLD
1415,2023,TAJI
1416,2023,MONT
1417,2023,RUSS
1418,2023,KYRG
1419,2023,BELA
1420,2023,NOTC
1421,2023,GREE
1422,2023,HONG
1423,2023,CROA
1424,2023,LIBY
1425,2023,MONG
1426,2023,MALY
1427,2023,VIET
1428,2023,INDO
1429,2023,IVOR
1430,2023,BENI
1431,2023,MALD
1432,2023,CONG
1433,2023,AZER
1434,2023,MACE
1435,2023,GHAN
1436,2023,NEPA
1437,2023,TURK
1438,2023,CHIN
1439,2023,TURM
1440,2023,BULG
1441,2023,MORO
1442,2023,CAME
1443,2023,VENE
1444,2023,ALGE
1445,2023,SENE
1446,2023,GUIN
1447,2023,NIGE
1448,2023,LAOS
1449,2023,ALBA
1450,2023,CAMB
1451,2023,BANG
1452,2023,GABO
1453,2023,SOAF
1454,2023,IRAQ
1455,2023,LEBA
1456,2023,BURK
1457,2023,GAMB
1458,2023,MALI
1459,2023,NIGA
1460,2023,ARME
1461,2023,GEOR
1462,2023,IRAN
1463,2023,JORD
1464,2023,MOZA
1465,2023,KENY
1466,2023,NAMI
1467,2023,UKRA
1468,2023,LIBE
1469,2023,PALE
1470,2023,UGAN
1471,2023,CHAD
1472,2023,TUNI
1473,2023,MAUR
1474,2023,SRIL
1475,2023,SWAZ
1476,2023,MYAN
1477,2023,COMO
1478,2023,TOGO
1479,2023,ETHI
1480,2023,MADA
1481,2023,EGYP
1482,2023,SIER
1483,2023,BURU
1484,2023,ZAMB
1485,2023,HAIT
1486,2023,LESO
1487,2023,IND
1488,2023,MALA
1489,2023,YEME
1490,2023,BOTS
1491,2023,TANZ
1492,2023,CENT
1493,2023,RWAN
1494,2023,ZIMB
1495,2023,SSUD
1496,2023,AFGH
1497,2023,PUER
1498,2023,QATA
1499,2023,SURI
1500,2023,BELI
1501,2023,SOMA
1502,2023,BHUT
1503,2023,SOML
1504,2023,SUDA
1505,2023,ANGO
1506,2023,SYRI
1507,2023,NOTM
1508,2023,OMAN
1509,2023,DJIB
1510,2023,CZEC
1511,2023,ESWA
1512,2023,XX
