GOVERNANCE_INDEX_ID,COUNTRY_YEAR_ID,GDP_PER_CAPITA,CORRUPTION_RATE
1,1,1.2902,0.4137
2,2,1.3255,0.4836
3,3,1.3965,0.4198
4,4,1.3023,0.1414
5,5,1.459,0.365
6,6,1.3294,0.3181
7,7,1.3317,0.4384
8,8,1.2502,0.4292
9,9,1.3372,0.1868
10,10,1.5639,0.378
11,11,1.3263,0.3296
12,12,1.3336,0.3564
13,13,1.2664,0.3207
14,14,1.2286,0.0778
15,15,0.9558,0.1058
16,16,1.336,0.287
17,17,1.3279,0.2184
18,18,1.3945,0.1589
19,19,1.179,0.0265
20,20,1.3078,0.2254
21,21,1.4273,0.3858
22,22,1.2074,0.1359
23,23,1.2778,0.2065
24,24,1.0205,0.2131
25,25,1.291,0.0813
26,26,1.0617,0.2456
27,27,1.3954,0.3252
28,28,1.2301,0.064
29,29,0.7455,0.0947
30,30,1.2511,0.029
31,31,1.5219,0.4921
32,32,0.9812,0.1752
33,33,1.185,0.0379
34,34,0.7645,0.1178
35,35,0.8015,0.0474
36,36,1.0635,0.0927
37,37,1.1689,0.0343
38,38,0.6324,0.3083
39,39,1.1072,0.1287
40,40,1.3238,0.306
41,41,1.1472,0.0103
42,42,1.2118,0.0114
43,43,1.1256,0.0421
44,44,0.9186,0.0512
45,45,1.2081,0.0615
46,46,0.5933,0.1932
47,47,1.0434,0.0065
48,48,1.5542,0.2561
49,49,1.0076,0.0752
50,50,1.1225,0.0845
51,51,1.1517,0.1518
52,52,0.7053,0.1228
53,53,1.1209,0.0276
54,54,0.9669,0.0319
55,55,1.0535,0.0848
56,56,0.5953,0.0682
57,57,1.1131,0.0633
58,58,0.864,0.1809
59,59,1.1599,0.0108
60,60,0.8104,0.023
61,61,1.2446,0.0786
62,62,1.2707,0.1806
63,63,0.9002,0.0599
64,64,0.9205,0.0262
65,65,0.6813,0.088
66,66,0.5954,0.1046
67,67,0.7598,0.0824
68,68,0.8954,0.1423
69,69,0.8322,0.0023
70,70,0.5945,0.0162
71,71,0.3905,0.1507
72,72,0.9744,0.143
73,73,1.1376,0.03
74,74,0.4743,0.0423
75,75,1.0319,0.1909
76,76,1.2081,0.1428
77,77,1.1541,0.014
78,78,1.386,0.3712
79,79,1.0825,0.0243
80,80,1.1314,0.1102
81,81,0.8282,0.0267
82,82,1.1249,0.105
83,83,0.6322,0.1044
84,84,0.8283,0.0
85,85,0.4653,0.1792
86,86,0.2866,0.0801
87,88,0.0,0.0762
88,88,0.6787,0.1169
89,89,1.0239,0.1606
90,90,0.9185,0.0533
91,91,0.5456,0.0436
92,92,0.36,0.0591
93,93,1.061,0.1575
94,94,0.8901,0.0278
95,95,0.9585,0.3084
96,96,1.0122,0.0087
97,97,0.7348,0.0855
98,98,0.4225,0.0579
99,99,1.0442,0.1107
100,100,0.9393,0.1738
101,101,0.365,0.1071
102,102,0.1742,0.1214
103,103,0.0694,0.1564
104,104,0.5907,0.2425
105,105,0.8787,0.0641
106,106,0.4604,0.0725
107,107,0.3975,0.1257
108,108,1.0602,0.1109
109,109,0.9205,0.0888
110,110,0.9855,0.1379
111,111,1.0256,0.0458
112,112,0.2581,0.1283
113,114,0.2607,0.1235
114,115,0.6544,0.0403
115,116,0.7682,0.039
116,117,0.7419,0.3833
117,118,1.0088,0.0586
118,119,0.902,0.1429
119,120,0.0831,0.156
120,121,0.3647,0.0584
121,123,0.7991,0.0296
122,124,0.0712,0.0623
123,125,0.5987,0.129
124,126,0.211,0.0727
125,127,0.3419,0.0527
126,128,0.8811,0.0636
127,129,0.4541,0.1746
128,130,0.8352,0.0918
129,131,0.7121,0.0306
130,132,0.2711,0.1903
131,133,0.2391,0.199
132,134,0.2087,0.1073
133,135,0.1907,0.1505
134,136,0.2082,0.0812
135,137,0.8818,0.0632
136,138,0.3302,0.0879
137,139,0.0153,0.1006
138,140,0.4704,0.1247
139,141,0.2667,0.1718
140,142,0.3754,0.125
141,143,0.645,0.0849
142,144,0.016,0.0698
143,145,0.5465,0.0785
144,146,0.9936,0.1247
145,147,0.2852,0.0575
146,148,0.0785,0.0829
147,149,0.2221,0.5519
148,150,0.271,0.0808
149,152,0.3198,0.0972
150,154,1.6904,0.5221
151,155,0.9953,0.1363
152,158,0.7704,0.1544
153,159,0.1885,0.3993
154,160,0.5211,0.1466
155,161,0.7578,0.0712
156,162,0.6632,0.1891
157,164,1.3601,0.3252
158,165,0.4402,0.281
159,169,1.406,null
160,170,1.4418,null
161,171,1.5273,null
162,172,1.4267,null
163,173,1.5774,null
164,174,1.4647,null
165,175,1.4518,null
166,176,1.3607,null
167,177,1.4504,null
168,178,1.6975,null
169,179,1.4402,null
170,180,1.4444,null
171,181,1.4028,null
172,182,1.3377,null
173,183,1.0688,null
174,184,1.4834,null
175,185,1.4479,null
176,186,1.508,null
177,187,1.3092,null
178,188,1.4254,null
179,189,1.5735,null
180,190,1.3078,null
181,191,1.3949,null
182,192,1.1151,null
183,193,1.3973,null
184,194,1.1816,null
185,195,1.4895,null
186,196,1.3425,null
187,197,0.8345,null
188,198,1.355,null
189,199,1.6456,null
190,200,1.0875,null
191,201,1.2995,null
192,202,0.8737,null
193,203,0.9014,null
194,204,1.1831,null
195,205,1.2797,null
196,206,0.7359,null
197,207,1.2167,null
198,208,1.4402,null
199,209,1.2692,null
200,210,1.3257,null
201,211,1.2458,null
202,212,1.0303,null
203,213,1.3186,null
204,214,0.6938,null
205,215,1.1697,null
206,216,1.6171,null
207,217,1.1437,null
208,218,1.2294,null
209,219,1.2796,null
210,220,0.8122,null
211,221,1.2414,null
212,222,1.0893,null
213,223,1.1514,null
214,224,0.6943,null
215,225,1.2179,null
216,226,0.9731,null
217,227,1.2761,null
218,228,0.8933,null
219,229,1.3595,null
220,230,1.3801,null
221,231,0.996,null
222,232,1.0344,null
223,233,0.7942,null
224,234,0.6882,null
225,235,0.8937,null
226,236,1.0279,null
227,237,0.9338,null
228,238,0.6918,null
229,239,0.4884,null
230,240,1.0784,null
231,241,1.2323,null
232,242,0.5604,null
233,243,1.1306,null
234,244,1.3114,null
235,245,1.2489,null
236,246,1.5107,null
237,247,1.1865,null
238,248,1.0669,null
239,249,0.9885,null
240,250,1.2514,null
241,251,0.7404,null
242,252,0.951,null
243,253,0.5551,null
244,254,0.395,null
245,256,0.0566,null
246,256,0.7711,null
247,257,1.1237,null
248,258,1.0193,null
249,259,0.6311,null
250,260,0.4463,null
251,261,1.1649,null
252,262,1.0278,null
253,263,1.0802,null
254,264,1.1131,null
255,265,0.8406,null
256,266,0.525,null
257,267,1.1337,null
258,268,1.0527,null
259,269,0.4431,null
260,270,0.2242,null
261,271,0.1327,null
262,272,0.6804,null
263,273,0.9553,null
264,274,0.556,null
265,275,0.5418,null
266,276,1.1585,null
267,277,1.0242,null
268,278,1.0747,null
269,279,1.1227,null
270,280,0.32,null
271,282,0.3129,null
272,283,0.7522,null
273,284,0.8609,null
274,285,0.8379,null
275,286,1.1176,null
276,287,0.9967,null
277,289,0.5227,null
278,290,0.9329,null
279,291,0.8729,null
280,292,0.1071,null
281,293,0.6702,null
282,294,0.3472,null
283,295,0.4221,null
284,296,0.9772,null
285,297,0.6139,null
286,298,0.9732,null
287,300,0.3411,null
288,301,0.2751,null
289,302,0.2812,null
290,303,0.2928,null
291,304,0.2795,null
292,305,0.954,null
293,306,0.3648,null
294,307,0.0683,null
295,308,0.612,null
296,309,0.341,null
297,311,0.7404,null
298,312,0.0871,null
299,313,0.5794,null
300,314,1.0943,null
301,315,0.4716,null
302,317,0.3285,null
303,318,0.3504,null
304,319,0.3939,null
305,320,0.3823,null
306,321,1.3594,null
307,322,1.8243,null
308,323,1.0969,null
309,324,0.8762,null
310,325,0.0,null
311,326,0.8527,null
312,327,0.2556,null
313,328,0.6307,null
314,329,0.8473,null
315,330,0.7472,null
316,337,1.4436,null
317,338,1.4824,null
318,339,1.565,null
319,340,1.4806,null
320,341,1.6165,null
321,342,1.5039,null
322,343,1.4944,null
323,344,1.4057,null
324,345,1.4871,null
325,346,1.7419,null
326,347,1.4792,null
327,348,1.4844,null
328,349,1.4416,null
329,350,1.3754,null
330,351,1.1097,null
331,352,1.5357,null
332,353,1.4879,null
333,354,1.5463,null
334,355,1.3527,null
335,356,1.4638,null
336,357,1.6263,null
337,358,1.3433,null
338,359,1.4309,null
339,360,1.1532,null
340,361,1.4336,null
341,362,1.2176,null
342,363,1.5306,null
343,364,1.3844,null
344,365,0.872,null
345,366,1.3951,null
346,367,1.6923,null
347,368,1.1074,null
348,369,1.3412,null
349,370,0.9098,null
350,371,0.9515,null
351,372,1.2337,null
352,373,1.3254,null
353,374,0.7864,null
354,375,1.2528,null
355,376,1.4884,null
356,377,1.3146,null
357,378,1.3614,null
358,379,1.2918,null
359,380,1.0706,null
360,381,1.3559,null
361,382,0.7373,null
362,383,1.2177,null
363,384,1.633,null
364,385,1.1894,null
365,386,1.2846,null
366,387,1.3209,null
367,388,0.8577,null
368,389,1.286,null
369,390,1.1279,null
370,391,1.1853,null
371,392,0.7306,null
372,393,1.2607,null
373,394,1.0008,null
374,395,1.3152,null
375,396,0.9256,null
376,397,1.4017,null
377,398,1.4169,null
378,399,1.0352,null
379,400,1.0693,null
380,401,0.8338,null
381,402,0.7269,null
382,403,0.9325,null
383,404,1.0794,null
384,405,0.9824,null
385,406,0.7289,null
386,407,0.5247,null
387,408,1.1211,null
388,409,1.2818,null
389,410,0.5962,null
390,411,1.1566,null
391,412,1.3469,null
392,413,1.2895,null
393,414,1.5517,null
394,415,1.2226,null
395,416,1.1018,null
396,417,1.0272,null
397,418,1.2912,null
398,419,0.7885,null
399,420,0.9955,null
400,421,0.603,null
401,422,0.4311,null
402,424,0.809,null
403,424,0.0921,null
404,425,1.1536,null
405,426,1.0646,null
406,427,0.6672,null
407,428,0.4798,null
408,429,1.1983,null
409,430,1.0812,null
410,431,1.1308,null
411,432,1.1615,null
412,433,0.8781,null
413,434,0.5643,null
414,435,1.1284,null
415,436,1.0919,null
416,437,0.4793,null
417,438,0.2445,null
418,439,0.1619,null
419,441,0.9962,null
420,442,0.6018,null
421,443,0.5867,null
422,444,1.1982,null
423,445,1.0547,null
424,446,1.1027,null
425,447,1.075,null
426,448,0.3502,null
427,450,0.4762,null
428,451,0.7838,null
429,452,0.9006,null
430,453,0.9506,null
431,454,1.1569,null
432,455,0.991,null
433,456,0.2343,null
434,457,0.5605,null
435,458,0.9644,null
436,459,0.8947,null
437,460,0.119,null
438,461,0.7162,null
439,462,0.3814,null
440,463,0.438,null
441,464,1.0073,null
442,465,0.6485,null
443,466,1.0099,null
444,468,0.3671,null
445,470,0.3054,null
446,471,0.3392,null
447,472,0.3058,null
448,473,0.9897,null
449,474,0.3684,null
450,475,0.0916,null
451,476,0.6364,null
452,477,0.3686,null
453,478,0.521,null
454,479,0.7922,null
455,480,0.2334,null
456,481,0.5917,null
457,482,1.1221,null
458,483,0.5111,null
459,484,0.0,null
460,485,0.3687,null
461,486,0.3758,null
462,487,0.3972,null
463,488,0.4015,null
464,490,1.8708,null
465,492,0.908,null
466,493,0.0226,null
467,494,0.8854,null
468,496,0.6595,null
469,497,0.8584,null
470,498,0.7772,null
471,505,1.305,0.393
472,506,1.351,0.408
473,507,1.42,0.357
474,508,1.343,0.138
475,509,1.456,0.34
476,510,1.361,0.295
477,511,1.355,0.383
478,512,1.268,0.389
479,513,1.341,0.224
480,514,1.576,0.321
481,515,1.33,0.291
482,516,1.34,0.302
483,517,1.244,0.082
484,518,1.301,0.272
485,519,1.01,0.101
486,520,1.448,0.306
487,521,1.34,0.28
488,522,1.398,0.133
489,523,1.233,0.034
490,524,1.324,0.24
491,525,2.096,null
492,526,1.27,0.142
493,527,1.293,0.176
494,528,1.038,0.095
495,529,1.365,0.078
496,530,1.093,0.155
497,531,1.379,0.127
498,532,1.251,0.074
499,533,0.781,0.071
500,534,1.264,0.028
501,535,1.529,0.457
502,536,0.986,0.088
503,537,1.219,0.051
504,538,0.806,0.082
505,539,0.855,0.023
506,540,1.112,0.063
507,541,1.21,0.014
508,542,0.719,0.259
509,543,1.131,0.061
510,544,1.338,0.123
511,545,1.197,0.006
512,546,1.223,0.019
513,547,1.176,0.064
514,548,0.96,0.039
515,549,1.229,0.035
516,550,0.668,0.128
517,551,1.116,0.001
518,552,1.474,0.106
519,553,1.09,0.05
520,554,1.143,0.121
521,555,1.2,0.174
522,556,0.775,0.105
523,557,1.171,0.022
524,558,1.016,0.029
525,559,1.073,0.054
526,560,0.62,0.074
527,561,1.148,0.066
528,562,0.889,0.12
529,563,1.188,0.017
530,564,0.819,0.031
531,565,1.266,0.051
532,566,1.294,0.15
533,567,0.934,0.034
534,568,0.975,0.043
535,569,0.751,0.054
536,570,0.652,0.113
537,571,0.835,0.074
538,572,0.982,0.106
539,573,0.915,0.0
540,574,0.657,0.0
541,575,0.474,0.034
542,576,1.017,0.081
543,577,1.151,0.025
544,578,0.53,0.035
545,579,1.039,0.154
546,580,1.229,0.154
547,581,1.154,0.044
548,582,1.405,0.291
549,583,1.115,0.039
550,584,0.985,0.148
551,585,0.914,0.032
552,586,1.161,0.059
553,587,0.715,0.079
554,588,0.899,0.018
555,589,0.541,0.103
556,590,0.378,0.067
557,592,0.682,0.077
558,592,0.069,0.052
559,593,1.024,0.176
560,594,0.959,0.052
561,595,0.592,0.029
562,596,0.425,0.078
563,597,1.148,0.109
564,598,0.989,0.103
565,599,1.016,0.037
566,600,1.054,0.009
567,601,0.779,0.074
568,602,0.535,0.043
569,603,0.996,0.052
570,604,0.979,0.135
571,605,0.429,0.082
572,606,0.344,0.094
573,607,0.131,0.099
574,608,0.72,0.174
575,609,0.916,0.032
576,610,0.549,0.065
577,611,0.532,0.144
578,612,1.036,0.052
579,613,0.94,0.056
580,614,1.01,0.095
581,615,0.965,0.136
582,616,0.314,0.128
583,618,0.37,0.056
584,619,0.689,0.032
585,620,0.816,0.028
586,621,0.853,0.215
587,622,1.059,0.129
588,623,0.822,0.134
589,624,0.198,0.158
590,625,0.493,0.055
591,626,0.874,0.064
592,627,0.793,0.011
593,628,0.076,0.03
594,629,0.642,0.076
595,630,0.322,0.061
596,631,0.358,0.06
597,632,0.9,0.063
598,633,0.557,0.093
599,634,0.918,0.05
600,636,0.682,0.178
601,638,0.259,0.101
602,639,0.308,0.146
603,640,0.262,0.049
604,641,0.885,0.107
605,642,0.256,0.053
606,643,0.091,0.076
607,644,0.562,0.082
608,645,0.315,0.104
609,646,0.472,0.112
610,647,0.721,0.093
611,648,0.186,0.08
612,649,0.442,0.064
613,650,1.017,0.092
614,651,0.455,0.097
615,652,0.024,0.038
616,653,0.332,0.444
617,654,0.357,0.099
618,655,0.337,0.106
619,656,0.332,0.036
620,658,1.649,0.171
621,660,0.807,0.089
622,661,0.0,0.282
623,662,0.796,0.171
624,664,0.605,0.082
625,665,0.73,0.061
626,666,0.689,0.144
627,673,1.34,0.393
628,674,1.383,0.41
629,675,1.452,0.343
630,676,1.38,0.118
631,677,1.488,0.341
632,678,1.396,0.298
633,679,1.387,0.373
634,680,1.303,0.38
635,681,1.376,0.226
636,682,1.609,0.316
637,683,1.365,0.308
638,684,1.372,0.29
639,685,1.333,0.278
640,686,1.276,0.082
641,687,1.034,0.093
642,688,1.499,0.31
643,689,1.373,0.265
644,690,1.433,0.128
645,691,1.269,0.036
646,692,1.356,0.21
647,693,1.503,0.182
648,694,1.3,0.151
649,695,1.324,0.183
650,696,1.07,0.073
651,697,1.368,0.097
652,698,1.124,0.15
653,699,1.403,0.132
654,700,1.286,0.079
655,701,0.8,0.078
656,702,1.294,0.03
657,703,1.572,0.453
658,704,1.004,0.086
659,705,1.258,0.057
660,706,0.794,0.074
661,707,0.882,0.006
662,708,1.149,0.054
663,709,1.246,0.014
664,710,0.745,0.24
665,711,1.159,0.056
666,712,1.362,0.11
667,713,1.238,0.042
668,714,1.231,0.016
669,715,1.206,0.05
670,716,0.985,0.034
671,717,1.263,0.041
672,718,0.694,0.127
673,719,1.162,0.005
674,720,1.5,0.097
675,721,1.12,0.06
676,722,1.173,0.096
677,723,1.237,0.161
678,724,0.807,0.107
679,725,1.201,0.02
680,726,1.05,0.028
681,727,1.092,0.05
682,728,0.642,0.078
683,729,1.187,0.064
684,730,0.912,0.087
685,731,1.221,0.025
686,732,0.831,0.028
687,733,1.301,0.056
688,734,1.327,0.14
689,735,0.96,0.027
690,736,1.004,0.039
691,737,0.776,0.064
692,738,0.677,0.098
693,739,0.855,0.08
694,740,1.015,0.101
695,741,0.945,0.006
696,742,0.685,0.0
697,743,0.493,0.144
698,744,1.051,0.08
699,745,1.183,0.031
700,746,0.551,0.023
701,747,1.067,0.142
702,748,1.263,0.162
703,749,1.181,0.034
704,750,1.438,0.287
705,751,1.155,0.022
706,752,1.044,0.152
707,753,0.948,0.038
708,754,1.221,0.024
709,755,0.741,0.073
710,756,0.931,0.028
711,757,0.569,0.09
712,758,0.393,0.082
713,760,0.673,0.093
714,760,0.094,0.053
715,761,1.043,0.182
716,763,0.611,0.04
717,764,0.446,0.089
718,765,1.183,0.106
719,766,1.029,0.1
720,767,1.052,0.028
721,768,1.092,0.004
722,769,0.801,0.076
723,770,0.549,0.037
724,771,0.96,0.047
725,772,1.002,0.114
726,773,0.45,0.072
727,774,0.38,0.086
728,775,0.138,0.102
729,776,0.764,0.164
730,777,0.947,0.027
731,778,0.574,0.062
732,779,0.562,0.143
733,780,1.057,0.055
734,781,0.96,0.055
735,782,1.043,0.089
736,783,0.987,0.027
737,784,0.331,0.113
738,785,0.308,0.167
739,786,0.385,0.052
740,787,0.696,0.041
741,788,0.85,0.064
742,789,0.886,0.164
743,790,1.1,0.125
744,791,0.837,0.13
745,792,0.204,0.138
746,793,0.512,0.053
747,794,0.879,0.056
748,795,0.82,0.01
749,796,0.073,0.033
750,797,0.657,0.066
751,798,0.332,0.06
752,799,0.35,0.078
753,800,0.921,0.055
754,801,0.57,0.088
755,802,0.949,0.047
756,803,0.811,0.135
757,804,0.71,0.172
758,805,0.274,0.078
759,806,0.275,0.085
760,807,0.336,0.1
761,808,0.274,0.041
762,809,0.913,0.067
763,810,0.268,0.045
764,811,0.046,0.18
765,812,0.578,0.087
766,813,0.323,0.11
767,814,0.489,0.093
768,815,0.755,0.085
769,816,0.191,0.089
770,817,0.287,0.077
771,818,1.041,0.1
772,819,0.476,0.147
773,820,0.026,0.035
774,821,0.359,0.411
775,822,0.366,0.089
776,823,0.306,0.091
777,824,0.35,0.025
778,826,1.684,0.167
779,829,0.0,0.27
780,830,0.813,0.167
781,834,0.619,0.141
782,835,0.983,0.034
783,841,10.6393,null
784,842,10.774,null
785,843,10.9799,null
786,844,10.7726,null
787,845,11.0878,null
788,846,10.8127,null
789,847,10.7588,null
790,848,10.5009,null
791,849,10.7428,null
792,850,11.4507,null
793,851,10.6924,null
794,852,10.7206,null
795,853,10.6001,null
796,854,10.4175,null
797,855,9.6582,null
798,856,11.161,null
799,857,10.7328,null
800,858,10.9258,null
801,859,10.4042,null
802,860,10.6736,null
803,861,11.11,null
804,862,10.5338,null
805,863,10.5842,null
806,864,9.7978,null
807,865,10.7757,null
808,866,9.9482,null
809,867,10.7978,null
810,868,10.4629,null
811,869,8.9248,null
812,870,10.4818,null
813,871,11.3955,null
814,872,9.5664,null
815,873,10.3923,null
816,874,8.9091,null
817,875,9.2044,null
818,876,10.0342,null
819,877,10.3477,null
820,878,8.7404,null
821,879,10.0321,null
822,880,10.6764,null
823,881,10.3436,null
824,882,10.26,null
825,883,10.2651,null
826,884,9.5004,null
827,885,10.4057,null
828,886,8.4932,null
829,887,10.1076,null
830,888,11.0898,null
831,889,9.9568,null
832,890,10.1147,null
833,891,10.34,null
834,892,8.9935,null
835,893,10.2492,null
836,894,9.7418,null
837,895,9.811,null
838,896,8.4245,null
839,897,10.1753,null
840,898,9.2461,null
841,899,10.2637,null
842,900,9.0063,null
843,901,10.5106,null
844,902,10.5797,null
845,903,9.4563,null
846,904,9.681,null
847,905,8.8511,null
848,906,8.4827,null
849,907,9.39,null
850,908,9.6649,null
851,909,9.4558,null
852,910,8.7767,null
853,911,8.0248,null
854,912,9.7519,null
855,913,10.1289,null
856,914,8.1484,null
857,915,9.7799,null
858,916,10.4057,null
859,917,10.1323,null
860,918,10.9347,null
861,919,10.0709,null
862,920,9.7898,null
863,921,9.4122,null
864,922,10.2625,null
865,923,8.8095,null
866,924,9.3698,null
867,925,8.2256,null
868,926,7.6743,null
869,927,9.5186,null
870,928,8.537,null
871,928,6.6943,null
872,929,9.6877,null
873,930,9.5106,null
874,931,8.3506,null
875,932,7.9254,null
876,933,10.1294,null
877,934,9.6886,null
878,935,9.748,null
879,936,9.8693,null
880,937,8.9403,null
881,938,8.1186,null
882,939,8.9778,null
883,940,9.538,null
884,941,8.119,null
885,942,7.751,null
886,943,6.8422,null
887,944,8.7986,null
888,945,9.4179,null
889,946,8.2499,null
890,947,8.2871,null
891,948,9.6805,null
892,949,9.4034,null
893,950,9.6611,null
894,951,9.3617,null
895,952,7.4685,null
896,953,7.3218,null
897,954,7.6299,null
898,955,8.5766,null
899,956,9.1005,null
900,957,9.2261,null
901,958,9.8137,null
902,959,9.026,null
903,960,7.0693,null
904,961,8.0298,null
905,962,9.2031,null
906,963,9.0107,null
907,964,7.0544,null
908,965,8.3892,null
909,966,7.5004,null
910,967,7.468,null
911,968,9.315,null
912,969,8.2339,null
913,970,9.39,null
914,971,9.1627,null
915,972,8.6805,null
916,973,7.8336,null
917,974,7.3577,null
918,975,7.5094,null
919,976,7.2817,null
920,977,9.3165,null
921,978,7.2688,null
922,979,6.4926,null
923,980,8.2247,null
924,981,7.4113,null
925,982,7.9605,null
926,983,8.8498,null
927,984,7.0622,null
928,985,7.7597,null
929,986,9.7112,null
930,987,7.9677,null
931,988,6.6252,null
932,989,7.6001,null
933,990,7.8657,null
934,991,7.4254,null
935,992,7.4629,null
936,1009,10.775,null
937,1010,10.933,null
938,1011,11.117,null
939,1012,10.878,null
940,1013,11.053,null
941,1014,10.932,null
942,1015,10.867,null
943,1016,10.643,null
944,1017,10.906,null
945,1018,11.647,null
946,1019,10.776,null
947,1020,10.796,null
948,1021,10.707,null
949,1022,10.575,null
950,1023,9.88,null
951,1024,11.342,null
952,1025,10.873,null
953,1026,11.023,null
954,1027,10.556,null
955,1028,10.823,null
956,1029,11.085,null
957,1030,10.674,null
958,1031,10.704,null
959,1032,9.859,null
960,1033,10.871,null
961,1034,9.966,null
962,1035,10.743,null
963,1036,10.571,null
964,1037,9.053,null
965,1038,10.623,null
966,1039,11.488,null
967,1040,9.577,null
968,1041,10.529,null
969,1042,9.054,null
970,1043,9.318,null
971,1044,10.35,null
972,1045,10.369,null
973,1046,8.836,null
974,1047,10.071,null
975,1048,10.669,null
976,1049,10.499,null
977,1051,10.382,null
978,1052,9.557,null
979,1053,10.576,null
980,1054,8.62,null
981,1055,10.284,null
982,1056,10.817,null
983,1057,10.008,null
984,1058,10.155,null
985,1059,10.481,null
986,1060,9.076,null
987,1061,10.358,null
988,1062,9.805,null
989,1063,9.962,null
990,1064,8.648,null
991,1065,10.315,null
992,1066,9.313,null
993,1067,10.421,null
994,1068,9.186,null
995,1069,10.651,null
996,1070,10.611,null
997,1071,9.458,null
998,1072,9.787,null
999,1073,9.046,null
1000,1074,8.458,null
1001,1075,9.448,null
1002,1076,9.802,null
1003,1077,9.59,null
1004,1078,9.454,null
1005,1079,8.091,null
1006,1080,9.94,null
1007,1081,10.189,null
1008,1082,8.538,null
1009,1083,9.853,null
1010,1084,10.576,null
1011,1085,10.279,null
1012,1086,11.0,null
1013,1087,10.217,null
1014,1088,9.622,null
1015,1089,9.4,null
1016,1090,10.238,null
1017,1091,8.973,null
1018,1092,9.365,null
1019,1093,8.551,null
1020,1094,8.087,null
1021,1095,9.826,null
1022,1096,8.117,null
1023,1097,9.569,null
1024,1099,8.58,null
1025,1100,8.12,null
1026,1101,10.24,null
1027,1102,9.673,null
1028,1103,9.629,null
1029,1104,10.016,null
1030,1105,8.903,null
1031,1106,8.189,null
1032,1107,9.073,null
1033,1108,9.342,null
1034,1109,8.118,null
1035,1110,7.838,null
1036,1111,7.098,null
1037,1112,8.947,null
1038,1113,9.52,null
1039,1114,8.36,null
1040,1115,8.454,null
1041,1116,9.603,null
1042,1117,9.403,null
1043,1118,9.24,null
1044,1119,9.626,null
1045,1120,7.678,null
1046,1121,7.686,null
1047,1122,7.744,null
1048,1123,8.533,null
1049,1124,9.487,null
1050,1125,9.585,null
1051,1126,9.584,null
1052,1127,9.182,null
1053,1128,7.158,null
1054,1129,8.361,null
1055,1130,9.161,null
1056,1131,9.436,null
1057,1132,7.288,null
1058,1133,8.485,null
1059,1134,7.677,null
1060,1135,7.364,null
1061,1136,9.266,null
1062,1137,8.542,null
1063,1138,9.47,null
1064,1139,9.065,null
1065,1140,8.541,null
1066,1141,8.031,null
1067,1142,7.362,null
1068,1143,7.694,null
1069,1144,7.396,null
1070,1145,9.367,null
1071,1146,7.434,null
1072,1147,6.635,null
1073,1148,8.145,null
1074,1149,7.477,null
1075,1150,7.926,null
1076,1151,8.755,null
1077,1152,6.958,null
1078,1153,7.578,null
1079,1154,9.782,null
1080,1155,7.876,null
1081,1157,7.676,null
1082,1158,7.943,null
1083,1160,7.695,null
1084,1171,9.693,null
1085,1177,18.92,null
1086,1178,19.53,null
1087,1179,20.26,null
1088,1180,19.36,null
1089,1181,19.97,null
1090,1182,19.45,null
1091,1183,19.2,null
1092,1184,18.52,null
1093,1185,19.31,null
1094,1186,22.09,null
1095,1187,18.86,null
1096,1188,19.0,null
1097,1189,18.67,null
1098,1190,18.26,null
1099,1191,15.84,null
1100,1192,21.29,null
1101,1193,19.24,null
1102,1194,19.82,null
1103,1196,19.07,null
1104,1197,19.98,null
1105,1198,18.38,null
1106,1199,18.63,null
1107,1200,15.52,null
1108,1201,18.97,null
1109,1202,16.15,null
1110,1203,18.7,null
1111,1204,18.08,null
1112,1205,12.74,null
1113,1206,18.34,null
1114,1207,21.49,null
1115,1208,14.62,null
1116,1209,18.1,null
1117,1210,12.65,null
1118,1211,13.62,null
1119,1212,17.15,null
1120,1213,17.36,null
1121,1214,12.19,null
1122,1215,16.51,null
1123,1216,18.54,null
1124,1217,18.04,null
1125,1219,17.58,null
1126,1220,14.52,null
1127,1221,18.15,null
1128,1222,11.05,null
1129,1223,17.19,null
1130,1224,19.04,null
1131,1225,15.91,null
1132,1226,16.68,null
1133,1227,17.93,null
1134,1228,12.68,null
1135,1229,17.48,null
1136,1230,15.35,null
1137,1231,15.92,null
1138,1232,11.11,null
1139,1233,17.32,null
1140,1234,13.52,null
1141,1235,17.6,null
1142,1236,12.96,null
1143,1237,18.51,null
1144,1238,18.35,null
1145,1239,13.97,null
1146,1240,15.5,null
1147,1241,12.56,null
1148,1242,10.49,null
1149,1243,14.09,null
1150,1244,15.38,null
1151,1245,14.68,null
1152,1246,14.17,null
1153,1247,9.66,null
1154,1248,15.73,null
1155,1249,16.85,null
1156,1250,10.69,null
1157,1251,15.62,null
1158,1252,18.15,null
1159,1253,17.03,null
1160,1254,19.57,null
1161,1255,17.05,null
1162,1256,14.76,null
1163,1257,13.93,null
1164,1258,16.89,null
1165,1259,12.52,null
1166,1260,13.82,null
1167,1261,10.94,null
1168,1262,9.32,null
1169,1264,9.5,null
1170,1265,14.58,null
1171,1267,11.12,null
1172,1268,9.84,null
1173,1269,17.07,null
1174,1270,15.08,null
1175,1271,14.84,null
1176,1272,16.25,null
1177,1273,12.08,null
1178,1274,9.68,null
1179,1275,0.0,null
1180,1276,13.63,null
1181,1277,9.33,null
1182,1278,8.48,null
1183,1279,5.7,null
1184,1280,12.39,null
1185,1281,14.39,null
1186,1282,10.19,null
1187,1283,10.6,null
1188,1284,14.59,null
1189,1285,14.25,null
1190,1286,12.89,null
1191,1287,13.92,null
1192,1288,7.79,null
1193,1289,7.85,null
1194,1290,7.92,null
1195,1291,10.79,null
1196,1292,14.34,null
1197,1293,14.67,null
1198,1294,14.1,null
1199,1295,13.24,null
1200,1296,5.78,null
1201,1297,10.32,null
1202,1298,12.92,null
1203,1299,14.11,null
1204,1300,6.36,null
1205,1301,11.48,null
1206,1302,7.77,null
1207,1303,6.62,null
1208,1304,13.5,null
1209,1305,11.0,null
1210,1306,14.15,null
1211,1308,10.38,null
1212,1309,8.99,null
1213,1310,7.71,null
1214,1311,7.88,null
1215,1312,6.7,null
1216,1313,13.88,null
1217,1314,6.86,null
1218,1316,9.3,null
1219,1318,8.39,null
1220,1319,11.67,null
1221,1320,6.48,null
1222,1321,6.91,null
1223,1322,15.03,null
1224,1323,8.48,null
1225,1325,7.85,null
1226,1326,9.47,null
1227,1328,7.58,null
1228,1339,15.05,null
1229,1342,18.15,null
1230,1343,12.74,null
1231,1345,10.792,0.182
1232,1346,10.962,0.196
1233,1347,11.164,0.266
1234,1348,10.896,0.668
1235,1349,11.088,0.283
1236,1350,10.942,0.379
1237,1351,10.883,0.202
1238,1352,10.662,0.271
1239,1353,10.899,0.497
1240,1354,11.66,0.345
1241,1355,10.773,0.42
1242,1356,10.821,0.496
1243,1357,10.704,0.454
1244,1358,10.639,0.708
1245,1359,9.952,0.768
1246,1360,11.527,0.358
1247,1361,10.879,0.42
1248,1362,11.048,0.689
1249,1364,10.844,0.549
1250,1365,11.145,0.584
1251,1366,10.661,0.729
1252,1367,10.701,0.553
1253,1368,9.85,0.768
1254,1369,10.797,0.681
1255,1370,10.037,0.575
1256,1371,10.715,0.691
1257,1372,10.54,0.711
1258,1373,9.116,0.837
1259,1374,10.634,0.842
1260,1375,11.571,0.146
1261,1376,9.582,0.738
1262,1377,10.588,0.771
1263,1378,9.089,0.62
1264,1379,9.359,0.866
1265,1380,10.305,0.878
1266,1381,10.353,0.898
1267,1382,8.948,0.638
1268,1383,10.114,0.823
1269,1384,10.776,0.737
1270,1385,10.568,0.805
1271,1387,10.453,0.736
1272,1388,9.584,0.834
1273,1389,10.611,0.86
1274,1390,8.618,0.625
1275,1391,10.339,0.929
1276,1393,9.957,0.775
1277,1394,10.166,0.721
1278,1395,10.541,0.409
1279,1396,8.979,0.732
1280,1397,10.419,0.839
1281,1398,9.751,0.91
1282,1399,9.959,0.814
1283,1400,8.635,0.843
1284,1401,10.37,0.83
1285,1402,9.27,0.833
1286,1403,10.429,0.878
1287,1404,9.165,0.875
1288,1405,10.693,0.701
1289,1406,10.616,0.64
1290,1407,9.402,0.892
1291,1408,9.854,0.816
1292,1409,8.985,0.846
1293,1410,8.54,0.787
1294,1411,9.51,0.843
1295,1412,9.811,0.657
1296,1413,9.616,0.918
1297,1414,9.499,0.901
1298,1415,8.237,0.522
1299,1416,9.813,0.844
1300,1417,10.21,0.801
1301,1418,8.486,0.904
1302,1421,10.288,0.793
1303,1422,10.966,0.385
1304,1423,10.341,0.925
1305,1425,9.372,0.849
1306,1426,10.169,0.758
1307,1427,9.287,0.759
1308,1428,9.385,0.876
1309,1429,8.576,0.746
1310,1430,8.103,0.576
1311,1432,8.095,0.739
1312,1432,7.007,0.834
1313,1435,8.596,0.881
1314,1436,8.256,0.783
1315,1437,10.307,0.795
1316,1438,9.738,0.727
1317,1440,10.087,0.911
1318,1441,8.973,0.811
1319,1442,8.217,0.846
1320,1443,5.527,0.811
1321,1444,9.3,0.717
1322,1445,8.155,0.846
1323,1446,7.88,0.787
1324,1447,7.091,0.734
1325,1448,8.962,0.703
1326,1449,9.567,0.878
1327,1450,8.385,0.857
1328,1451,8.685,0.698
1329,1452,9.537,0.786
1330,1453,9.478,0.902
1331,1454,9.098,0.876
1332,1455,9.478,0.891
1333,1456,7.667,0.771
1334,1457,7.648,0.883
1335,1458,7.655,0.846
1336,1459,8.496,0.911
1337,1460,9.615,0.705
1338,1461,9.646,0.649
1339,1462,9.61,0.747
1340,1463,9.13,0.687
1341,1464,7.116,0.66
1342,1465,8.458,0.852
1343,1466,9.121,0.83
1344,1467,9.314,0.907
1345,1468,7.277,0.83
1346,1469,8.716,0.836
1347,1470,7.716,0.857
1348,1471,7.261,0.807
1349,1472,9.244,0.907
1350,1473,8.591,0.657
1351,1474,9.491,0.808
1352,1476,8.404,0.658
1353,1477,8.075,0.727
1354,1478,7.673,0.74
1355,1479,7.739,0.789
1356,1480,7.29,0.742
1357,1481,9.367,0.58
1358,1482,7.394,0.858
1359,1484,8.074,0.818
1360,1487,8.759,0.774
1361,1488,7.302,0.749
1362,1490,9.629,0.83
1363,1491,7.857,0.554
1364,1494,7.641,0.766
1365,1496,7.324,0.847
1366,1507,9.703,0.902
1367,1510,10.611,0.859
