HAPPINESS_INDEX_ID,COUNTRY_YEAR_ID,HAPPINESS_RANK,HAPPINESS_SCORE,STANDARD_ERROR
1,1,6.0,7.406,0.0314
2,2,3.0,7.527,0.0333
3,3,1.0,7.587,0.0341
4,4,2.0,7.561,0.0488
5,5,4.0,7.522,0.0388
6,6,7.0,7.378,0.028
7,7,8.0,7.364,0.0316
8,8,9.0,7.286,0.0337
9,9,13.0,7.2,0.0375
10,10,17.0,6.946,0.035
11,11,5.0,7.427,0.0355
12,12,10.0,7.284,0.0408
13,13,21.0,6.867,0.0187
14,14,11.0,7.278,0.0347
15,15,12.0,7.226,0.0445
16,16,18.0,6.94,0.0368
17,17,26.0,6.75,0.0185
18,18,15.0,7.119,0.0384
19,19,31.0,6.505,0.0417
20,20,19.0,6.937,0.036
21,21,20.0,6.901,0.0373
22,22,37.0,6.302,0.0421
23,23,29.0,6.575,0.0351
24,24,14.0,7.187,0.0418
25,25,38.0,6.298,0.0387
26,26,32.0,6.485,0.0454
27,27,35.0,6.411,0.0463
28,28,36.0,6.329,0.0347
29,29,43.0,6.123,0.0522
30,30,50.0,5.948,0.0391
31,31,24.0,6.798,0.0378
32,32,16.0,6.983,0.0408
33,33,55.0,5.848,0.0425
34,34,42.0,6.13,0.0562
35,35,69.0,5.589,0.0502
36,36,25.0,6.786,0.0491
37,37,45.0,5.995,0.0427
38,38,44.0,6.003,0.0436
39,39,27.0,6.67,0.058
40,40,49.0,5.96,0.0541
41,41,56.0,5.833,0.0384
42,42,41.0,6.168,0.109
43,43,60.0,5.791,0.0426
44,44,33.0,6.477,0.0505
45,45,67.0,5.689,0.0558
46,46,57.0,5.828,0.0537
47,47,86.0,5.124,0.0661
48,48,39.0,6.295,0.0446
49,49,71.0,5.477,0.072
50,50,54.0,5.855,0.0411
51,51,73.0,5.429,0.0401
52,52,90.0,5.073,0.0493
53,53,104.0,4.8,0.0611
54,54,34.0,6.455,0.0356
55,55,30.0,6.574,0.0461
56,56,105.0,4.788,0.0565
57,57,89.0,5.098,0.0464
58,58,48.0,5.975,0.0453
59,59,88.0,5.102,0.048
60,60,65.0,5.709,0.1369
61,61,47.0,5.984,0.041
62,62,46.0,5.987,0.0358
63,63,58.0,5.824,0.0461
64,64,87.0,5.123,0.0486
65,65,51.0,5.89,0.0564
66,66,81.0,5.194,0.0373
67,67,53.0,5.878,0.0456
68,68,98.0,4.885,0.0745
69,69,96.0,4.949,0.0691
70,70,52.0,5.889,0.038
71,71,106.0,4.786,0.032
72,72,82.0,5.192,0.0524
73,73,64.0,5.716,0.0314
74,74,77.0,5.286,0.0382
75,75,59.0,5.813,0.0394
76,76,66.0,5.695,0.0564
77,77,102.0,4.857,0.0506
78,78,72.0,5.474,0.0505
79,79,62.0,5.759,0.0439
80,80,63.0,5.754,0.0783
81,81,100.0,4.874,0.0331
82,82,61.0,5.77,0.0433
83,83,75.0,5.36,0.0311
84,84,74.0,5.399,0.026
85,85,151.0,3.655,0.0514
86,86,155.0,3.34,0.0366
87,88,120.0,4.517,0.0368
88,88,139.0,3.989,0.0668
89,89,80.0,5.212,0.0336
90,90,93.0,5.007,0.0538
91,91,114.0,4.633,0.0474
92,92,121.0,4.514,0.0361
93,93,76.0,5.332,0.0386
94,94,84.0,5.14,0.0242
95,95,70.0,5.548,0.0418
96,96,134.0,4.218,0.0483
97,97,92.0,5.013,0.0342
98,98,133.0,4.252,0.0468
99,99,23.0,6.81,0.0648
100,100,68.0,5.605,0.051
101,101,142.0,3.904,0.0361
102,102,150.0,3.656,0.0359
103,103,144.0,3.845,0.036
104,104,99.0,4.876,0.067
105,105,95.0,4.959,0.0501
106,106,145.0,3.819,0.0507
107,107,109.0,4.694,0.0308
108,108,143.0,3.896,0.0455
109,109,113.0,4.642,0.0458
110,110,112.0,4.677,0.0523
111,111,103.0,4.839,0.0434
112,112,152.0,3.587,0.0432
113,114,138.0,3.995,0.056
114,115,78.0,5.268,0.0419
115,116,127.0,4.35,0.0476
116,117,130.0,4.297,0.0422
117,118,110.0,4.686,0.0445
118,119,82.0,5.192,0.0452
119,120,94.0,4.971,0.079
120,121,125.0,4.419,0.0473
121,123,111.0,4.681,0.0441
122,124,116.0,4.571,0.1107
123,125,108.0,4.715,0.0439
124,126,141.0,3.931,0.0432
125,127,149.0,3.667,0.0383
126,128,107.0,4.739,0.0359
127,129,124.0,4.436,0.0395
128,130,132.0,4.271,0.0375
129,131,101.0,4.867,0.0874
130,132,129.0,4.307,0.0435
131,133,140.0,3.956,0.048
132,134,158.0,2.839,0.0673
133,135,122.0,4.512,0.0378
134,136,147.0,3.681,0.0363
135,137,135.0,4.194,0.0326
136,138,123.0,4.507,0.0707
137,139,157.0,2.905,0.0866
138,140,85.0,5.129,0.0699
139,141,119.0,4.518,0.0733
140,142,97.0,4.898,0.0944
141,143,117.0,4.565,0.0204
142,144,131.0,4.292,0.0613
143,145,136.0,4.077,0.0437
144,146,128.0,4.332,0.0493
145,147,146.0,3.781,0.0506
146,148,148.0,3.678,0.0611
147,149,154.0,3.465,0.0346
148,150,115.0,4.61,0.0429
149,152,153.0,3.575,0.0308
150,154,28.0,6.611,0.0626
151,155,40.0,6.269,0.0981
152,158,79.0,5.253,0.0322
153,159,91.0,5.057,0.0616
154,160,118.0,4.55,0.0674
155,161,137.0,4.033,0.0476
156,162,156.0,3.006,0.0502
157,164,22.0,6.853,0.0534
158,165,126.0,4.369,0.081
159,169,5.0,7.413,null
160,170,1.0,7.526,null
161,171,2.0,7.509,null
162,172,3.0,7.501,null
163,173,4.0,7.498,null
164,174,7.0,7.339,null
165,175,10.0,7.291,null
166,176,8.0,7.334,null
167,177,12.0,7.119,null
168,178,20.0,6.871,null
169,179,6.0,7.404,null
170,180,9.0,7.313,null
171,181,23.0,6.725,null
172,182,11.0,7.267,null
173,183,14.0,7.087,null
174,184,19.0,6.907,null
175,185,16.0,6.994,null
176,186,13.0,7.104,null
177,187,27.0,6.596,null
178,188,18.0,6.929,null
179,189,28.0,6.573,null
180,190,30.0,6.488,null
181,191,32.0,6.478,null
182,192,21.0,6.778,null
183,193,34.0,6.379,null
184,194,29.0,6.545,null
185,195,34.0,6.379,null
186,196,37.0,6.361,null
187,197,39.0,6.324,null
188,198,50.0,5.977,null
189,199,22.0,6.739,null
190,200,17.0,6.952,null
191,201,63.0,5.768,null
192,202,46.0,6.068,null
193,203,77.0,5.401,null
194,204,25.0,6.701,null
195,205,45.0,6.078,null
196,206,49.0,5.987,null
197,207,24.0,6.705,null
198,208,42.0,6.218,null
199,209,60.0,5.813,null
200,210,43.0,6.168,null
201,211,57.0,5.835,null
202,212,31.0,6.481,null
203,213,69.0,5.546,null
204,214,48.0,5.992,null
205,215,71.0,5.528,null
206,216,41.0,6.239,null
207,217,66.0,5.648,null
208,218,54.0,5.919,null
209,219,72.0,5.517,null
210,220,82.0,5.279,null
211,221,91.0,5.145,null
212,222,33.0,6.474,null
213,223,26.0,6.65,null
214,224,104.0,4.871,null
215,225,68.0,5.56,null
216,226,51.0,5.976,null
217,227,94.0,5.123,null
218,228,73.0,5.51,null
219,229,57.0,5.835,null
220,230,53.0,5.921,null
221,231,64.0,5.743,null
222,232,86.0,5.177,null
223,233,59.0,5.822,null
224,234,92.0,5.132,null
225,235,70.0,5.538,null
226,236,89.0,5.155,null
227,237,87.0,5.163,null
228,238,55.0,5.897,null
229,239,100.0,4.996,null
230,240,88.0,5.161,null
231,241,56.0,5.856,null
232,242,85.0,5.185,null
233,243,61.0,5.802,null
234,244,62.0,5.771,null
235,245,99.0,5.033,null
236,246,75.0,5.458,null
237,247,74.0,5.488,null
238,248,67.0,5.615,null
239,249,101.0,4.907,null
240,250,47.0,6.005,null
241,251,96.0,5.061,null
242,252,79.0,5.314,null
243,253,139.0,3.916,null
244,254,153.0,3.484,null
245,256,125.0,4.272,null
246,256,127.0,4.236,null
247,257,81.0,5.291,null
248,258,95.0,5.121,null
249,259,124.0,4.276,null
250,260,107.0,4.793,null
251,261,78.0,5.389,null
252,262,83.0,5.245,null
253,263,65.0,5.658,null
254,264,129.0,4.217,null
255,265,90.0,5.151,null
256,266,114.0,4.513,null
257,267,44.0,6.084,null
258,268,38.0,6.355,null
259,269,128.0,4.219,null
260,270,151.0,3.607,null
261,271,142.0,3.856,null
262,272,102.0,4.876,null
263,273,109.0,4.655,null
264,274,140.0,3.907,null
265,275,110.0,4.643,null
266,276,134.0,4.121,null
267,277,116.0,4.459,null
268,278,112.0,4.575,null
269,279,93.0,5.129,null
270,280,145.0,3.739,null
271,282,135.0,4.073,null
272,283,103.0,4.875,null
273,284,121.0,4.36,null
274,285,126.0,4.252,null
275,286,105.0,4.813,null
276,287,80.0,5.303,null
277,289,122.0,4.356,null
278,290,113.0,4.574,null
279,291,123.0,4.324,null
280,292,150.0,3.622,null
281,293,108.0,4.754,null
282,294,145.0,3.739,null
283,295,144.0,3.763,null
284,296,98.0,5.045,null
285,297,130.0,4.201,null
286,298,117.0,4.415,null
287,300,119.0,4.395,null
288,301,138.0,3.956,null
289,302,155.0,3.303,null
290,303,115.0,4.508,null
291,304,148.0,3.695,null
292,305,120.0,4.362,null
293,306,111.0,4.635,null
294,307,157.0,2.905,null
295,308,106.0,4.795,null
296,309,136.0,4.028,null
297,311,118.0,4.404,null
298,312,132.0,4.156,null
299,313,147.0,3.724,null
300,314,137.0,3.974,null
301,315,149.0,3.666,null
302,317,152.0,3.515,null
303,318,131.0,4.193,null
304,319,143.0,3.832,null
305,320,154.0,3.36,null
306,321,15.0,7.039,null
307,322,36.0,6.375,null
308,323,40.0,6.269,null
309,324,52.0,5.956,null
310,325,76.0,5.44,null
311,326,84.0,5.196,null
312,327,97.0,5.057,null
313,328,133.0,4.139,null
314,329,141.0,3.866,null
315,330,156.0,3.069,null
316,337,5.0,7.469,null
317,338,2.0,7.522,null
318,339,4.0,7.494,null
319,340,3.0,7.504,null
320,341,1.0,7.537,null
321,342,6.0,7.377,null
322,343,9.0,7.284,null
323,344,8.0,7.314,null
324,345,13.0,7.006,null
325,346,18.0,6.863,null
326,347,7.0,7.316,null
327,348,10.0,7.284,null
328,349,19.0,6.714,null
329,350,11.0,7.213,null
330,351,12.0,7.079,null
331,352,15.0,6.977,null
332,353,16.0,6.951,null
333,354,14.0,6.993,null
334,355,23.0,6.609,null
335,356,17.0,6.891,null
336,357,21.0,6.648,null
337,358,27.0,6.527,null
338,359,31.0,6.442,null
339,360,25.0,6.578,null
340,361,33.0,6.422,null
341,362,28.0,6.454,null
342,363,37.0,6.344,null
343,364,34.0,6.403,null
344,365,29.0,6.454,null
345,366,48.0,5.964,null
346,367,26.0,6.572,null
347,368,22.0,6.635,null
348,369,62.0,5.758,null
349,370,45.0,6.003,null
350,371,78.0,5.279,null
351,372,30.0,6.452,null
352,373,40.0,6.098,null
353,374,47.0,5.971,null
354,375,20.0,6.652,null
355,376,41.0,6.087,null
356,377,52.0,5.902,null
357,378,38.0,6.168,null
358,379,46.0,5.973,null
359,380,36.0,6.357,null
360,381,65.0,5.621,null
361,382,43.0,6.071,null
362,383,57.0,5.825,null
363,384,39.0,6.105,null
364,385,64.0,5.629,null
365,386,60.0,5.819,null
366,387,66.0,5.611,null
367,388,72.0,5.43,null
368,389,75.0,5.324,null
369,390,32.0,6.424,null
370,391,24.0,6.599,null
371,392,91.0,5.181,null
372,393,54.0,5.85,null
373,394,44.0,6.008,null
374,395,89.0,5.195,null
375,396,76.0,5.311,null
376,397,55.0,5.838,null
377,398,51.0,5.92,null
378,399,63.0,5.715,null
379,400,73.0,5.395,null
380,401,58.0,5.823,null
381,402,80.0,5.269,null
382,403,70.0,5.493,null
383,404,86.0,5.23,null
384,405,90.0,5.182,null
385,406,56.0,5.838,null
386,407,96.0,5.041,null
387,408,83.0,5.237,null
388,409,49.0,5.963,null
389,410,98.0,5.004,null
390,411,67.0,5.569,null
391,412,61.0,5.81,null
392,413,87.0,5.227,null
393,414,71.0,5.472,null
394,415,77.0,5.293,null
395,416,68.0,5.525,null
396,417,100.0,4.955,null
397,418,42.0,6.084,null
398,419,94.0,5.074,null
399,420,81.0,5.262,null
400,421,128.0,4.18,null
401,422,143.0,3.657,null
402,424,124.0,4.291,null
403,424,126.0,4.28,null
404,425,85.0,5.234,null
405,426,92.0,5.175,null
406,427,131.0,4.12,null
407,428,99.0,4.962,null
408,429,69.0,5.5,null
409,430,79.0,5.273,null
410,431,59.0,5.822,null
411,432,105.0,4.714,null
412,433,84.0,5.235,null
413,434,107.0,4.695,null
414,435,82.0,5.25,null
415,436,53.0,5.872,null
416,437,115.0,4.535,null
417,438,149.0,3.507,null
418,439,135.0,4.028,null
419,441,109.0,4.644,null
420,442,129.0,4.168,null
421,443,110.0,4.608,null
422,444,118.0,4.465,null
423,445,101.0,4.829,null
424,446,117.0,4.497,null
425,447,88.0,5.225,null
426,448,134.0,4.032,null
427,450,127.0,4.19,null
428,451,95.0,5.074,null
429,452,121.0,4.376,null
430,453,125.0,4.286,null
431,454,108.0,4.692,null
432,455,74.0,5.336,null
433,456,113.0,4.55,null
434,457,112.0,4.553,null
435,458,111.0,4.574,null
436,459,132.0,4.096,null
437,460,148.0,3.533,null
438,461,103.0,4.775,null
439,462,133.0,4.081,null
440,463,137.0,3.936,null
441,464,102.0,4.805,null
442,465,123.0,4.292,null
443,466,120.0,4.44,null
444,468,114.0,4.545,null
445,470,150.0,3.495,null
446,471,119.0,4.46,null
447,472,144.0,3.644,null
448,473,104.0,4.735,null
449,474,106.0,4.709,null
450,475,154.0,2.905,null
451,476,116.0,4.514,null
452,477,145.0,3.603,null
453,478,139.0,3.808,null
454,479,122.0,4.315,null
455,480,136.0,3.97,null
456,481,146.0,3.593,null
457,482,142.0,3.766,null
458,483,153.0,3.349,null
459,484,155.0,2.693,null
460,485,151.0,3.471,null
461,486,138.0,3.875,null
462,487,147.0,3.591,null
463,488,141.0,3.794,null
464,490,35.0,6.375,null
465,492,50.0,5.956,null
466,493,93.0,5.151,null
467,494,97.0,5.011,null
468,496,130.0,4.139,null
469,497,140.0,3.795,null
470,498,152.0,3.462,null
471,505,1.0,7.632,null
472,506,3.0,7.555,null
473,507,5.0,7.487,null
474,508,4.0,7.495,null
475,509,2.0,7.594,null
476,510,6.0,7.441,null
477,511,9.0,7.314,null
478,512,8.0,7.324,null
479,513,12.0,7.139,null
480,514,17.0,6.91,null
481,515,7.0,7.328,null
482,516,10.0,7.272,null
483,517,11.0,7.19,null
484,518,19.0,6.814,null
485,519,13.0,7.072,null
486,520,14.0,6.977,null
487,521,15.0,6.965,null
488,522,18.0,6.886,null
489,523,21.0,6.711,null
490,524,16.0,6.927,null
491,525,20.0,6.774,null
492,526,22.0,6.627,null
493,527,23.0,6.489,null
494,528,24.0,6.488,null
495,529,26.0,6.441,null
496,530,31.0,6.379,null
497,531,33.0,6.371,null
498,532,36.0,6.31,null
499,533,30.0,6.382,null
500,534,47.0,6.0,null
501,535,34.0,6.343,null
502,536,28.0,6.419,null
503,537,51.0,5.948,null
504,538,40.0,6.167,null
505,539,66.0,5.662,null
506,540,27.0,6.43,null
507,541,39.0,6.173,null
508,542,44.0,6.096,null
509,543,25.0,6.476,null
510,544,43.0,6.105,null
511,545,50.0,5.952,null
512,546,38.0,6.192,null
513,547,42.0,6.123,null
514,548,37.0,6.26,null
515,549,61.0,5.762,null
516,550,41.0,6.141,null
517,551,52.0,5.945,null
518,552,45.0,6.083,null
519,553,55.0,5.891,null
520,554,60.0,5.79,null
521,555,63.0,5.739,null
522,556,71.0,5.524,null
523,557,69.0,5.62,null
524,558,46.0,6.072,null
525,559,29.0,6.388,null
526,560,72.0,5.504,null
527,561,53.0,5.933,null
528,562,48.0,5.973,null
529,563,77.0,5.41,null
530,564,56.0,5.89,null
531,565,57.0,5.875,null
532,566,54.0,5.915,null
533,567,65.0,5.663,null
534,568,78.0,5.398,null
535,569,62.0,5.752,null
536,570,75.0,5.472,null
537,571,64.0,5.681,null
538,572,83.0,5.302,null
539,573,93.0,5.129,null
540,574,67.0,5.64,null
541,575,88.0,5.199,null
542,576,81.0,5.347,null
543,577,59.0,5.81,null
544,578,92.0,5.131,null
545,579,73.0,5.483,null
546,580,58.0,5.835,null
547,581,79.0,5.358,null
548,582,76.0,5.43,null
549,583,82.0,5.321,null
550,584,70.0,5.566,null
551,585,94.0,5.125,null
552,586,35.0,6.322,null
553,587,95.0,5.103,null
554,588,96.0,5.093,null
555,589,107.0,4.671,null
556,590,136.0,4.141,null
557,592,114.0,4.559,null
558,592,132.0,4.245,null
559,593,87.0,5.201,null
560,594,89.0,5.185,null
561,595,108.0,4.657,null
562,596,101.0,4.88,null
563,597,74.0,5.483,null
564,598,86.0,5.246,null
565,599,68.0,5.636,null
566,600,100.0,4.933,null
567,601,85.0,5.254,null
568,602,99.0,4.975,null
569,603,102.0,4.806,null
570,604,84.0,5.295,null
571,605,109.0,4.631,null
572,606,140.0,3.964,null
573,607,134.0,4.166,null
574,608,110.0,4.623,null
575,609,112.0,4.586,null
576,610,120.0,4.433,null
577,611,115.0,4.5,null
578,612,103.0,4.758,null
579,613,105.0,4.724,null
580,614,117.0,4.456,null
581,615,80.0,5.358,null
582,616,121.0,4.424,null
583,618,118.0,4.447,null
584,619,91.0,5.155,null
585,620,129.0,4.321,null
586,621,128.0,4.34,null
587,622,106.0,4.707,null
588,623,90.0,5.161,null
589,624,123.0,4.417,null
590,625,124.0,4.41,null
591,626,119.0,4.441,null
592,627,138.0,4.103,null
593,628,149.0,3.495,null
594,629,104.0,4.743,null
595,630,135.0,4.161,null
596,631,131.0,4.301,null
597,632,111.0,4.592,null
598,633,126.0,4.356,null
599,634,116.0,4.471,null
600,636,130.0,4.308,null
601,638,139.0,3.999,null
602,639,127.0,4.35,null
603,640,143.0,3.774,null
604,641,122.0,4.419,null
605,642,113.0,4.571,null
606,643,156.0,2.905,null
607,644,125.0,4.377,null
608,645,148.0,3.582,null
609,646,141.0,3.808,null
610,647,133.0,4.19,null
611,648,147.0,3.587,null
612,649,152.0,3.355,null
613,650,146.0,3.59,null
614,651,153.0,3.303,null
615,652,155.0,3.083,null
616,653,151.0,3.408,null
617,654,144.0,3.692,null
618,655,154.0,3.254,null
619,656,145.0,3.632,null
620,658,32.0,6.374,null
621,660,49.0,5.956,null
622,661,98.0,4.982,null
623,662,97.0,5.082,null
624,664,137.0,4.139,null
625,665,142.0,3.795,null
626,666,150.0,3.462,null
627,673,1.0,7.769,null
628,674,2.0,7.6,null
629,675,6.0,7.48,null
630,676,4.0,7.494,null
631,677,3.0,7.554,null
632,678,5.0,7.488,null
633,679,7.0,7.343,null
634,680,8.0,7.307,null
635,681,10.0,7.246,null
636,682,14.0,7.09,null
637,683,9.0,7.278,null
638,684,11.0,7.228,null
639,685,15.0,7.054,null
640,686,13.0,7.139,null
641,687,12.0,7.167,null
642,688,16.0,7.021,null
643,689,17.0,6.985,null
644,690,19.0,6.892,null
645,691,20.0,6.852,null
646,692,18.0,6.923,null
647,693,21.0,6.825,null
648,694,22.0,6.726,null
649,695,24.0,6.592,null
650,696,23.0,6.595,null
651,697,25.0,6.446,null
652,698,33.0,6.293,null
653,699,28.0,6.375,null
654,700,30.0,6.354,null
655,701,27.0,6.436,null
656,702,36.0,6.223,null
657,703,34.0,6.262,null
658,704,32.0,6.3,null
659,705,44.0,6.118,null
660,706,35.0,6.253,null
661,707,46.0,6.1,null
662,708,31.0,6.321,null
663,709,38.0,6.198,null
664,710,41.0,6.174,null
665,711,26.0,6.444,null
666,712,37.0,6.199,null
667,713,42.0,6.149,null
668,714,39.0,6.192,null
669,715,40.0,6.182,null
670,716,43.0,6.125,null
671,717,49.0,6.046,null
672,718,45.0,6.105,null
673,719,48.0,6.07,null
674,720,51.0,6.021,null
675,721,57.0,5.888,null
676,722,60.0,5.809,null
677,723,55.0,5.893,null
678,724,69.0,5.631,null
679,725,62.0,5.758,null
680,726,52.0,6.008,null
681,727,47.0,6.086,null
682,728,59.0,5.86,null
683,729,53.0,5.94,null
684,730,50.0,6.028,null
685,731,66.0,5.693,null
686,732,56.0,5.89,null
687,733,54.0,5.895,null
688,734,58.0,5.886,null
689,735,65.0,5.697,null
690,736,70.0,5.603,null
691,737,61.0,5.779,null
692,738,67.0,5.653,null
693,739,63.0,5.743,null
694,740,77.0,5.425,null
695,741,78.0,5.386,null
696,742,71.0,5.529,null
697,743,74.0,5.467,null
698,744,73.0,5.523,null
699,745,68.0,5.648,null
700,746,86.0,5.261,null
701,747,81.0,5.323,null
702,748,64.0,5.718,null
703,749,82.0,5.287,null
704,750,76.0,5.43,null
705,751,75.0,5.432,null
706,752,72.0,5.525,null
707,753,83.0,5.285,null
708,754,80.0,5.339,null
709,755,94.0,5.175,null
710,756,92.0,5.192,null
711,757,99.0,4.944,null
712,758,102.0,4.883,null
713,760,103.0,4.812,null
714,760,127.0,4.418,null
715,761,89.5,5.208,null
716,763,98.0,4.996,null
717,764,100.0,4.913,null
718,765,79.0,5.373,null
719,766,93.0,5.191,null
720,767,87.0,5.247,null
721,768,97.0,5.011,null
722,769,89.5,5.208,null
723,770,96.0,5.044,null
724,771,108.0,4.707,null
725,772,88.0,5.211,null
726,773,111.0,4.681,null
727,774,118.0,4.534,null
728,775,114.0,4.628,null
729,776,105.0,4.796,null
730,777,107.0,4.719,null
731,778,109.0,4.7,null
732,779,125.0,4.456,null
733,780,104.0,4.799,null
734,781,106.0,4.722,null
735,782,126.0,4.437,null
736,783,91.0,5.197,null
737,784,115.0,4.587,null
738,785,120.0,4.516,null
739,786,128.0,4.39,null
740,787,85.0,5.265,null
741,788,116.0,4.559,null
742,789,119.0,4.519,null
743,790,117.0,4.548,null
744,791,101.0,4.906,null
745,792,123.0,4.466,null
746,793,121.0,4.509,null
747,794,113.0,4.639,null
748,795,133.0,4.332,null
749,796,141.0,3.975,null
750,797,110.0,4.696,null
751,798,136.0,4.189,null
752,799,132.0,4.35,null
753,800,124.0,4.461,null
754,801,122.0,4.49,null
755,802,130.0,4.366,null
756,803,135.0,4.212,null
757,804,131.0,4.36,null
758,805,142.0,3.973,null
759,806,139.0,4.085,null
760,807,134.0,4.286,null
761,808,143.0,3.933,null
762,809,137.0,4.166,null
763,810,129.0,4.374,null
764,811,145.0,3.775,null
765,812,138.0,4.107,null
766,813,147.0,3.597,null
767,814,144.0,3.802,null
768,815,140.0,4.015,null
769,816,150.0,3.41,null
770,817,151.0,3.38,null
771,818,148.0,3.488,null
772,819,153.0,3.231,null
773,820,155.0,3.083,null
774,821,152.0,3.334,null
775,822,146.0,3.663,null
776,823,156.0,2.853,null
777,824,154.0,3.203,null
778,826,29.0,6.374,null
779,829,112.0,4.668,null
780,830,95.0,5.082,null
781,834,149.0,3.462,null
782,835,84.0,5.274,null
783,841,1.0,7.8087,0.0312
784,842,2.0,7.6456,0.0335
785,843,3.0,7.5599,0.035
786,844,4.0,7.5045,0.0596
787,845,5.0,7.488,0.0348
788,846,6.0,7.4489,0.0278
789,847,7.0,7.3535,0.0362
790,848,8.0,7.2996,0.0395
791,849,9.0,7.2942,0.0334
792,850,10.0,7.2375,0.0309
793,851,11.0,7.2321,0.0404
794,852,12.0,7.2228,0.0418
795,853,13.0,7.1645,0.0372
796,854,14.0,7.1286,0.0425
797,855,15.0,7.1214,0.0448
798,856,16.0,7.0937,0.0399
799,857,17.0,7.0758,0.0356
800,858,18.0,6.9396,0.0473
801,859,19.0,6.9109,0.0429
802,860,20.0,6.8635,0.0344
803,861,21.0,6.7908,0.0407
804,862,22.0,6.7728,0.043
805,863,23.0,6.6638,0.0376
806,864,24.0,6.465,0.0481
807,865,25.0,6.4554,0.0391
808,866,26.0,6.4401,0.0454
809,867,27.0,6.4065,0.0565
810,868,28.0,6.4009,0.0423
811,869,29.0,6.3989,0.0584
812,870,30.0,6.3874,0.0433
813,871,31.0,6.3771,0.0333
814,872,32.0,6.3756,0.0408
815,873,33.0,6.3634,0.0438
816,874,34.0,6.3483,0.0582
817,875,35.0,6.3252,0.0522
818,876,36.0,6.3048,0.0597
819,877,37.0,6.2806,0.0389
820,878,38.0,6.2576,0.0542
821,879,39.0,6.2285,0.0457
822,880,40.0,6.2273,0.0819
823,881,41.0,6.2155,0.0442
824,882,42.0,6.1919,0.1144
825,883,43.0,6.1863,0.0355
826,884,44.0,6.1634,0.0565
827,885,45.0,6.159,0.0506
828,886,46.0,6.1371,0.0639
829,887,47.0,6.1237,0.0474
830,888,48.0,6.1021,0.0533
831,889,49.0,6.1013,0.0572
832,890,50.0,6.0579,0.0432
833,891,51.0,6.0218,0.036
834,892,52.0,6.006,0.0499
835,893,53.0,6.0004,0.0395
836,894,54.0,5.9988,0.0426
837,895,55.0,5.9747,0.0534
838,896,56.0,5.9532,0.0657
839,897,57.0,5.95,0.0348
840,898,58.0,5.9252,0.0529
841,899,59.0,5.9109,0.0532
842,900,60.0,5.8898,0.1206
843,901,61.0,5.8724,0.0441
844,902,62.0,5.8708,0.0414
845,903,63.0,5.7968,0.0613
846,904,64.0,5.7782,0.0507
847,905,65.0,5.7475,0.0506
848,906,66.0,5.6933,0.0482
849,907,67.0,5.6921,0.052
850,908,68.0,5.6892,0.0698
851,909,69.0,5.6741,0.0464
852,910,70.0,5.6075,0.0423
853,911,71.0,5.5557,0.0323
854,912,72.0,5.5461,0.049
855,913,73.0,5.546,0.0396
856,914,74.0,5.5415,0.0437
857,915,75.0,5.5399,0.0371
858,916,76.0,5.5355,0.051
859,917,77.0,5.515,0.0469
860,918,78.0,5.5104,0.046
861,919,79.0,5.5047,0.0378
862,920,80.0,5.4888,0.0607
863,921,81.0,5.4562,0.0403
864,922,82.0,5.3843,0.0488
865,923,83.0,5.3535,0.0338
866,924,84.0,5.2856,0.0477
867,925,85.0,5.2333,0.0731
868,926,86.0,5.216,0.0778
869,927,87.0,5.1976,0.072
870,928,88.0,5.1944,0.077
871,928,131.0,4.311,0.109
872,929,89.0,5.1648,0.0342
873,930,90.0,5.1598,0.0468
874,931,91.0,5.148,0.0586
875,932,92.0,5.1372,0.0577
876,933,93.0,5.1318,0.0398
877,934,94.0,5.1239,0.0259
878,935,95.0,5.1191,0.0294
879,936,96.0,5.1015,0.0442
880,937,97.0,5.0948,0.0557
881,938,98.0,5.0849,0.0673
882,939,99.0,5.0532,0.0643
883,940,100.0,5.0051,0.0442
884,941,101.0,4.9808,0.0528
885,942,102.0,4.9493,0.073
886,943,103.0,4.9096,0.0772
887,944,104.0,4.8886,0.0403
888,945,105.0,4.8827,0.0561
889,946,106.0,4.8484,0.058
890,947,107.0,4.8328,0.0401
891,948,108.0,4.8293,0.0603
892,949,109.0,4.8141,0.06
893,950,110.0,4.7848,0.0778
894,951,111.0,4.7715,0.0438
895,952,112.0,4.7687,0.0621
896,953,113.0,4.7506,0.0672
897,954,114.0,4.7293,0.0644
898,955,115.0,4.7241,0.0521
899,956,116.0,4.6768,0.0586
900,957,117.0,4.6726,0.0434
901,958,118.0,4.6724,0.0559
902,959,119.0,4.6334,0.0588
903,960,120.0,4.6236,0.0793
904,961,121.0,4.583,0.0678
905,962,122.0,4.5711,0.061
906,963,123.0,4.5607,0.0497
907,964,124.0,4.5579,0.082
908,965,125.0,4.5528,0.0559
909,966,126.0,4.432,0.0685
910,967,127.0,4.4227,0.0752
911,968,128.0,4.3922,0.0497
912,969,129.0,4.3746,0.0551
913,970,130.0,4.327,0.0531
914,971,132.0,4.3081,0.0715
915,972,133.0,4.308,0.0429
916,973,134.0,4.2886,0.0843
917,974,135.0,4.1872,0.0625
918,975,136.0,4.1862,0.0389
919,976,137.0,4.1656,0.0575
920,977,138.0,4.1514,0.036
921,978,139.0,3.9264,0.0612
922,979,140.0,3.7753,0.1071
923,980,141.0,3.7594,0.0607
924,981,142.0,3.7208,0.1015
925,982,143.0,3.6528,0.0821
926,983,144.0,3.5733,0.0277
927,984,145.0,3.538,0.0703
928,985,146.0,3.5274,0.0542
929,986,147.0,3.4789,0.0605
930,987,148.0,3.4762,0.0632
931,988,149.0,3.4759,0.1152
932,989,150.0,3.3123,0.0524
933,990,151.0,3.2992,0.0587
934,991,152.0,2.8166,0.1076
935,992,153.0,2.5669,0.0313
936,1009,1.0,7.842,0.032
937,1010,2.0,7.62,0.035
938,1011,3.0,7.571,0.036
939,1012,4.0,7.554,0.059
940,1013,6.0,7.392,0.035
941,1014,5.0,7.464,0.027
942,1015,7.0,7.363,0.036
943,1016,9.0,7.277,0.04
944,1017,10.0,7.268,0.036
945,1018,8.0,7.324,0.037
946,1019,14.0,7.103,0.042
947,1020,11.0,7.183,0.041
948,1021,17.0,7.064,0.038
949,1022,12.0,7.157,0.034
950,1023,16.0,7.069,0.056
951,1024,15.0,7.085,0.04
952,1025,13.0,7.155,0.04
953,1026,19.0,6.951,0.049
954,1027,18.0,6.965,0.049
955,1028,20.0,6.834,0.034
956,1029,25.0,6.561,0.039
957,1030,23.0,6.602,0.044
958,1031,21.0,6.69,0.037
959,1032,36.0,6.317,0.053
960,1033,24.0,6.584,0.038
961,1034,31.0,6.431,0.046
962,1035,26.0,6.494,0.056
963,1036,27.0,6.491,0.042
964,1037,30.0,6.435,0.073
965,1038,28.0,6.483,0.045
966,1039,32.0,6.377,0.043
967,1040,35.0,6.33,0.043
968,1041,29.0,6.461,0.043
969,1042,49.0,6.061,0.065
970,1043,33.0,6.372,0.059
971,1044,41.0,6.18,0.073
972,1045,34.0,6.331,0.041
973,1046,42.0,6.179,0.068
974,1047,43.0,6.172,0.046
975,1048,22.0,6.647,0.068
976,1049,38.0,6.255,0.045
977,1051,44.0,6.166,0.04
978,1052,52.0,6.012,0.061
979,1053,39.0,6.223,0.049
980,1054,55.0,5.972,0.083
981,1055,46.0,6.14,0.057
982,1056,47.0,6.106,0.066
983,1057,50.0,6.049,0.059
984,1058,45.0,6.152,0.047
985,1059,40.0,6.189,0.038
986,1060,61.0,5.88,0.052
987,1061,53.0,5.992,0.047
988,1062,54.0,5.985,0.047
989,1063,57.5,5.929,0.056
990,1064,59.0,5.919,0.082
991,1065,51.0,6.032,0.036
992,1066,66.0,5.764,0.057
993,1067,57.5,5.929,0.055
994,1068,37.0,6.309,0.156
995,1069,62.0,5.845,0.042
996,1070,56.0,5.94,0.04
997,1071,63.0,5.84,0.075
998,1072,48.0,6.078,0.053
999,1073,69.0,5.716,0.053
1000,1074,105.0,4.934,0.068
1001,1075,71.0,5.653,0.092
1002,1076,73.0,5.545,0.071
1003,1077,64.0,5.813,0.05
1004,1078,65.0,5.766,0.046
1005,1079,78.0,5.466,0.034
1006,1080,72.0,5.581,0.054
1007,1081,76.5,5.477,0.033
1008,1082,67.0,5.744,0.046
1009,1083,75.0,5.534,0.047
1010,1084,74.0,5.536,0.051
1011,1085,68.0,5.723,0.046
1012,1086,76.5,5.477,0.049
1013,1087,60.0,5.882,0.048
1014,1088,80.0,5.41,0.076
1015,1089,70.0,5.677,0.042
1016,1090,81.0,5.384,0.049
1017,1091,79.0,5.411,0.039
1018,1092,82.0,5.345,0.056
1019,1093,85.0,5.306,0.078
1020,1094,99.0,5.045,0.073
1021,1095,89.0,5.198,0.072
1022,1096,83.0,5.342,0.097
1023,1097,90.0,5.171,0.04
1024,1099,95.0,5.088,0.067
1025,1100,87.0,5.269,0.07
1026,1101,104.0,4.948,0.046
1027,1102,84.0,5.339,0.029
1028,1103,97.0,5.066,0.036
1029,1104,88.0,5.266,0.054
1030,1105,106.0,4.918,0.06
1031,1106,91.0,5.142,0.074
1032,1107,107.0,4.892,0.064
1033,1108,109.0,4.887,0.053
1034,1109,92.0,5.132,0.068
1035,1110,102.0,4.984,0.09
1036,1111,96.0,5.074,0.102
1037,1112,100.0,5.03,0.045
1038,1113,93.0,5.117,0.059
1039,1114,114.0,4.83,0.067
1040,1115,101.0,5.025,0.046
1041,1116,112.0,4.852,0.075
1042,1117,103.0,4.956,0.06
1043,1118,111.0,4.854,0.059
1044,1119,123.0,4.584,0.055
1045,1120,113.0,4.834,0.081
1046,1121,98.0,5.051,0.089
1047,1122,117.0,4.723,0.082
1048,1123,116.0,4.759,0.052
1049,1124,86.0,5.283,0.058
1050,1125,108.0,4.891,0.054
1051,1126,118.0,4.721,0.055
1052,1127,127.0,4.395,0.062
1053,1128,115.0,4.794,0.103
1054,1129,121.0,4.607,0.072
1055,1130,124.0,4.574,0.064
1056,1131,110.0,4.875,0.052
1057,1132,120.0,4.625,0.106
1058,1133,125.0,4.517,0.067
1059,1134,119.0,4.636,0.073
1060,1135,128.0,4.355,0.094
1061,1136,122.0,4.596,0.058
1062,1137,134.0,4.227,0.07
1063,1138,129.0,4.325,0.066
1064,1139,130.0,4.308,0.071
1065,1140,126.0,4.426,0.052
1066,1141,131.0,4.289,0.084
1067,1142,136.0,4.107,0.077
1068,1143,133.0,4.275,0.051
1069,1144,135.0,4.208,0.072
1070,1145,132.0,4.283,0.045
1071,1146,138.0,3.849,0.077
1072,1147,140.0,3.775,0.107
1073,1148,137.0,4.073,0.069
1074,1149,143.0,3.615,0.173
1075,1150,145.0,3.512,0.12
1076,1151,139.0,3.819,0.026
1077,1152,144.0,3.6,0.092
1078,1153,141.0,3.658,0.07
1079,1154,146.0,3.467,0.074
1080,1155,142.0,3.623,0.071
1081,1157,147.0,3.415,0.068
1082,1158,148.0,3.145,0.058
1083,1160,149.0,2.523,0.038
1084,1171,94.0,5.101,0.051
1085,1177,1.0,7.821,null
1086,1178,2.0,7.636,null
1087,1179,4.0,7.512,null
1088,1180,3.0,7.557,null
1089,1181,8.0,7.365,null
1090,1182,5.0,7.415,null
1091,1183,7.0,7.384,null
1092,1184,10.0,7.2,null
1093,1185,11.0,7.163,null
1094,1186,6.0,7.404,null
1095,1187,15.0,7.025,null
1096,1188,12.0,7.162,null
1097,1189,17.0,6.943,null
1098,1190,9.0,7.364,null
1099,1191,23.0,6.582,null
1100,1192,13.0,7.041,null
1101,1193,14.0,7.034,null
1102,1194,16.0,6.977,null
1103,1196,19.0,6.805,null
1104,1197,24.0,6.576,null
1105,1198,33.0,6.447,null
1106,1199,20.0,6.687,null
1107,1200,46.0,6.128,null
1108,1201,26.0,6.512,null
1109,1202,30.0,6.474,null
1110,1203,25.0,6.523,null
1111,1204,29.0,6.476,null
1112,1205,39.0,6.262,null
1113,1206,31.0,6.467,null
1114,1207,27.0,6.48,null
1115,1208,38.0,6.293,null
1116,1209,22.0,6.63,null
1117,1210,49.0,6.12,null
1118,1211,32.0,6.455,null
1119,1212,37.0,6.309,null
1120,1213,35.0,6.391,null
1121,1214,53.0,6.063,null
1122,1215,44.0,6.172,null
1123,1216,21.0,6.647,null
1124,1217,34.0,6.446,null
1125,1219,48.0,6.123,null
1126,1220,66.0,5.781,null
1127,1221,41.0,6.221,null
1128,1222,45.0,6.165,null
1129,1223,28.0,6.477,null
1130,1224,50.0,6.106,null
1131,1225,52.0,6.071,null
1132,1226,40.0,6.234,null
1133,1227,36.0,6.341,null
1134,1228,60.0,5.904,null
1135,1229,51.0,6.086,null
1136,1230,61.0,5.891,null
1137,1231,57.0,5.967,null
1138,1232,55.0,6.022,null
1139,1233,42.0,6.18,null
1140,1234,76.0,5.533,null
1141,1235,56.0,6.016,null
1142,1236,63.0,5.85,null
1143,1237,59.0,5.935,null
1144,1238,54.0,6.039,null
1145,1239,74.0,5.559,null
1146,1240,43.0,6.178,null
1147,1241,71.0,5.6,null
1148,1242,120.5,4.516,null
1149,1243,73.0,5.578,null
1150,1244,69.0,5.737,null
1151,1245,67.0,5.768,null
1152,1246,62.0,5.857,null
1153,1247,83.5,5.377,null
1154,1248,75.0,5.547,null
1155,1249,80.0,5.459,null
1156,1250,64.0,5.828,null
1157,1251,65.0,5.821,null
1158,1252,79.0,5.467,null
1159,1253,58.0,5.948,null
1160,1254,81.0,5.425,null
1161,1255,47.0,6.125,null
1162,1256,86.0,5.33,null
1163,1257,68.0,5.761,null
1164,1258,70.0,5.711,null
1165,1259,77.0,5.485,null
1166,1260,87.0,5.24,null
1167,1261,88.0,5.235,null
1168,1262,115.0,4.623,null
1169,1264,99.0,5.075,null
1170,1265,92.0,5.173,null
1171,1267,111.0,4.872,null
1172,1268,83.5,5.377,null
1173,1269,112.0,4.744,null
1174,1270,72.0,5.585,null
1175,1271,78.0,5.474,null
1176,1272,85.0,5.371,null
1177,1273,100.0,5.06,null
1178,1274,101.5,5.048,null
1179,1275,108.0,4.925,null
1180,1276,96.5,5.122,null
1181,1277,103.0,5.046,null
1182,1278,109.0,4.891,null
1183,1279,104.0,5.003,null
1184,1280,95.0,5.14,null
1185,1281,89.5,5.199,null
1186,1282,114.0,4.64,null
1187,1283,94.0,5.155,null
1188,1284,106.0,4.958,null
1189,1285,91.0,5.194,null
1190,1286,107.0,4.941,null
1191,1287,145.0,2.955,null
1192,1288,113.0,4.67,null
1193,1289,93.0,5.164,null
1194,1290,123.0,4.479,null
1195,1291,118.0,4.552,null
1196,1292,82.0,5.399,null
1197,1293,105.0,4.973,null
1198,1294,110.0,4.888,null
1199,1295,134.0,4.152,null
1200,1296,101.5,5.048,null
1201,1297,119.0,4.543,null
1202,1298,124.0,4.459,null
1203,1299,98.0,5.084,null
1204,1300,96.5,5.122,null
1205,1301,122.0,4.483,null
1206,1302,117.0,4.603,null
1207,1303,130.0,4.251,null
1208,1304,120.5,4.516,null
1209,1305,133.0,4.153,null
1210,1306,127.0,4.362,null
1211,1308,126.0,4.394,null
1212,1309,116.0,4.609,null
1213,1310,135.0,4.112,null
1214,1311,131.0,4.241,null
1215,1312,128.0,4.339,null
1216,1313,129.0,4.288,null
1217,1314,140.0,3.574,null
1218,1316,137.0,3.76,null
1219,1318,141.0,3.512,null
1220,1319,136.0,3.777,null
1221,1320,138.0,3.75,null
1222,1321,132.0,4.197,null
1223,1322,142.0,3.471,null
1224,1323,139.0,3.702,null
1225,1325,143.0,3.268,null
1226,1326,144.0,2.995,null
1227,1328,146.0,2.404,null
1228,1339,89.5,5.199,null
1229,1342,18.0,6.92,null
1230,1343,125.0,4.396,null
1231,1345,1.0,7.804,0.036
1232,1346,2.0,7.586,0.041
1233,1347,8.0,7.24,0.043
1234,1348,3.0,7.53,0.049
1235,1349,7.0,7.315,0.044
1236,1350,5.0,7.403,0.029
1237,1351,6.0,7.395,0.037
1238,1352,10.0,7.123,0.038
1239,1353,11.0,7.097,0.04
1240,1354,9.0,7.228,0.069
1241,1355,13.0,6.961,0.042
1242,1356,12.0,7.095,0.044
1243,1357,19.0,6.796,0.042
1244,1358,4.0,7.473,0.032
1245,1359,23.0,6.609,0.052
1246,1360,14.0,6.911,0.044
1247,1361,16.0,6.892,0.049
1248,1362,15.0,6.894,0.047
1249,1364,17.0,6.859,0.034
1250,1365,26.0,6.571,0.043
1251,1366,37.0,6.3,0.045
1252,1367,21.0,6.661,0.038
1253,1368,36.0,6.33,0.057
1254,1369,27.0,6.535,0.047
1255,1370,28.0,6.494,0.046
1256,1371,30.0,6.463,0.061
1257,1372,32.0,6.436,0.042
1258,1373,43.0,6.15,0.108
1259,1374,33.0,6.405,0.054
1260,1375,25.0,6.587,0.068
1261,1376,48.5,6.125,0.065
1262,1377,22.0,6.65,0.051
1263,1378,50.0,6.122,0.069
1264,1379,34.0,6.368,0.06
1265,1380,38.0,6.265,0.081
1266,1381,29.0,6.469,0.056
1267,1382,54.0,6.014,0.059
1268,1383,35.0,6.334,0.046
1269,1384,42.0,6.173,0.1
1270,1385,20.0,6.763,0.044
1271,1387,39.0,6.26,0.042
1272,1388,72.0,5.63,0.06
1273,1389,46.0,6.13,0.054
1274,1390,40.0,6.259,0.076
1275,1391,24.0,6.589,0.052
1276,1393,59.0,5.902,0.057
1277,1394,44.5,6.144,0.048
1278,1395,31.0,6.455,0.04
1279,1396,76.0,5.523,0.077
1280,1397,51.0,6.041,0.055
1281,1398,60.0,5.843,0.064
1282,1399,52.0,6.024,0.063
1283,1400,53.0,6.023,0.089
1284,1401,41.0,6.213,0.042
1285,1402,74.0,5.559,0.063
1286,1403,56.0,5.968,0.055
1287,1404,68.0,5.703,0.089
1288,1405,57.0,5.951,0.045
1289,1406,47.0,6.129,0.042
1290,1407,75.0,5.526,0.058
1291,1408,44.5,6.144,0.079
1292,1409,69.0,5.684,0.057
1293,1410,108.0,4.555,0.077
1294,1411,66.0,5.738,0.058
1295,1412,73.0,5.569,0.073
1296,1413,71.0,5.633,0.073
1297,1414,63.0,5.819,0.052
1298,1415,80.0,5.33,0.062
1299,1416,67.0,5.722,0.112
1300,1417,70.0,5.661,0.037
1301,1418,62.0,5.825,0.045
1302,1421,58.0,5.931,0.048
1303,1422,82.0,5.308,0.048
1304,1423,48.5,6.125,0.057
1305,1425,61.0,5.84,0.046
1306,1426,55.0,6.012,0.079
1307,1427,65.0,5.763,0.052
1308,1428,83.5,5.277,0.059
1309,1429,93.0,5.053,0.074
1310,1430,116.0,4.374,0.066
1311,1432,86.0,5.267,0.088
1312,1432,133.0,3.207,0.095
1313,1435,107.0,4.605,0.063
1314,1436,78.0,5.36,0.075
1315,1437,106.0,4.614,0.083
1316,1438,64.0,5.818,0.044
1317,1440,77.0,5.466,0.059
1318,1441,100.0,4.903,0.061
1319,1442,96.0,4.973,0.071
1320,1443,88.0,5.211,0.064
1321,1444,81.0,5.329,0.062
1322,1445,102.0,4.855,0.065
1323,1446,91.0,5.072,0.072
1324,1447,109.0,4.501,0.108
1325,1448,89.0,5.111,0.081
1326,1449,83.5,5.277,0.066
1327,1450,115.0,4.393,0.059
1328,1451,118.0,4.282,0.068
1329,1452,94.0,5.035,0.072
1330,1453,85.0,5.275,0.073
1331,1454,98.0,4.941,0.081
1332,1455,136.0,2.392,0.044
1333,1456,104.0,4.638,0.093
1334,1457,119.0,4.279,0.105
1335,1458,120.0,4.198,0.062
1336,1459,95.0,4.981,0.08
1337,1460,79.0,5.342,0.066
1338,1461,90.0,5.109,0.056
1339,1462,101.0,4.876,0.053
1340,1463,123.0,4.12,0.062
1341,1464,97.0,4.954,0.116
1342,1465,111.0,4.487,0.066
1343,1466,105.0,4.631,0.069
1344,1467,92.0,5.071,0.059
1345,1468,125.0,4.042,0.144
1346,1469,99.0,4.908,0.092
1347,1470,113.0,4.432,0.089
1348,1471,114.0,4.397,0.121
1349,1472,110.0,4.497,0.053
1350,1473,103.0,4.724,0.147
1351,1474,112.0,4.442,0.083
1352,1476,117.0,4.372,0.082
1353,1477,130.0,3.545,0.117
1354,1478,122.0,4.137,0.077
1355,1479,124.0,4.091,0.093
1356,1480,127.0,4.019,0.092
1357,1481,121.0,4.17,0.059
1358,1482,135.0,3.138,0.082
1359,1484,128.0,3.982,0.094
1360,1487,126.0,4.036,0.029
1361,1488,131.0,3.495,0.09
1362,1490,132.0,3.435,0.136
1363,1491,129.0,3.694,0.075
1364,1494,134.0,3.204,0.061
1365,1496,137.0,1.859,0.033
1366,1507,87.0,5.254,0.055
1367,1510,18.0,6.845,0.044
