COUNTRY_YEAR_ID,healthcare_quality,mental_health,physical_health,healthcare_access,air_quality,water_quality,health_index_id
1,0.3745,0.909,0.9427,0.4264,0.8449,0.1565,1
2,0.9507,0.1797,0.7852,0.5481,0.3597,0.3666,2
3,0.732,0.2375,0.9913,0.1746,0.6872,0.6191,3
4,0.5987,0.9714,0.5445,0.2959,0.3128,0.1594,4
5,0.156,0.181,0.9628,0.6638,0.0609,0.968,5
6,0.156,0.8544,0.0756,0.9653,0.7016,0.9147,6
7,0.0581,0.4923,0.3657,0.0504,0.0098,0.167,7
8,0.8662,0.2472,0.2254,0.8904,0.4092,0.1212,8
9,0.6011,0.8707,0.1958,0.5769,0.3294,0.0854,9
10,0.7081,0.4453,0.1408,0.5639,0.6934,0.9094,10
11,0.0206,0.5148,0.6224,0.5003,0.7662,0.1936,11
12,0.9699,0.3592,0.7813,0.0694,0.3041,0.4163,12
13,0.8324,0.593,0.5783,0.0899,0.8116,0.4489,13
14,0.2123,0.1635,0.147,0.6009,0.2939,0.599,14
15,0.1818,0.3911,0.8111,0.341,0.4463,0.0717,15
16,0.1834,0.9694,0.636,0.9173,0.727,0.2268,16
17,0.3042,0.2581,0.3882,0.4066,0.6929,0.9315,17
18,0.5248,0.6567,0.6741,0.1433,0.9874,0.9084,18
19,0.4319,0.3252,0.2599,0.7147,0.2252,0.7813,19
20,0.2912,0.7735,0.3452,0.2934,0.6623,0.0194,20
21,0.6119,0.1309,0.9175,0.5255,0.6097,0.327,21
22,0.1395,0.9698,0.2905,0.6978,0.9151,0.628,22
23,0.2921,0.4538,0.47,0.9003,0.1564,0.2752,23
24,0.3664,0.2361,0.8901,0.7922,0.7518,0.9096,24
25,0.4561,0.0735,0.7077,0.6764,0.5683,0.6339,25
26,0.7852,0.1698,0.0622,0.6796,0.2747,0.0719,26
27,0.1997,0.5198,0.1473,0.9459,0.4744,0.909,27
28,0.5142,0.337,0.0078,0.2958,0.3338,0.9578,28
29,0.5924,0.8289,0.6309,0.0011,0.5793,0.0777,29
30,0.0465,0.4309,0.4477,0.272,0.889,0.5324,30
31,0.6075,0.2487,0.1343,0.2179,0.5693,0.3034,31
32,0.1705,0.6171,0.9579,0.6618,0.6317,0.3928,32
33,0.0651,0.7068,0.5297,0.6337,0.5187,0.1797,33
34,0.9489,0.167,0.2419,0.5935,0.0512,0.5781,34
35,0.9656,0.1676,0.5006,0.0162,0.2329,0.958,35
36,0.8084,0.0367,0.6796,0.7288,0.492,0.5031,36
37,0.3046,0.7364,0.0762,0.3235,0.3102,0.0829,37
38,0.0977,0.6638,0.2747,0.6651,0.1818,0.62,38
39,0.6842,0.4746,0.807,0.5566,0.5041,0.3402,39
40,0.4402,0.8442,0.4597,0.3427,0.3228,0.8559,40
41,0.122,0.8057,0.5466,0.1346,0.2581,0.4347,41
42,0.4952,0.5854,0.4328,0.0944,0.464,0.1928,42
43,0.0344,0.8683,0.0439,0.8315,0.1333,0.1911,43
44,0.9093,0.2058,0.1657,0.9184,0.9277,0.7688,44
45,0.2588,0.1119,0.4455,0.6498,0.8677,0.2656,45
46,0.6625,0.2697,0.2092,0.1034,0.7076,0.7672,46
47,0.3117,0.0571,0.05,0.402,0.1062,0.2059,47
48,0.5201,0.5312,0.8436,0.7289,0.7759,0.3217,48
49,0.5467,0.9366,0.9812,0.7798,0.808,0.4655,49
50,0.1849,0.0393,0.7931,0.1182,0.7678,0.9432,50
51,0.9696,0.1221,0.8538,0.0,0.114,0.9317,51
52,0.7751,0.4522,0.242,0.7121,0.6439,0.2069,52
53,0.9395,0.9339,0.9606,0.3566,0.8343,0.3582,53
54,0.8948,0.3162,0.1969,0.2545,0.5774,0.1494,54
55,0.5979,0.5072,0.9514,0.0129,0.6464,0.51,55
56,0.9219,0.0416,0.9948,0.5403,0.4584,0.4606,56
57,0.0885,0.1483,0.7117,0.8512,0.5287,0.9008,57
58,0.196,0.9866,0.9811,0.9576,0.0344,0.93,58
59,0.0452,0.9651,0.5695,0.5657,0.639,0.3836,59
60,0.3253,0.0049,0.2595,0.5145,0.0814,0.4917,60
61,0.3887,0.9518,0.437,0.0851,0.435,0.8962,61
62,0.2713,0.6391,0.5936,0.5489,0.2927,0.8067,62
63,0.8287,0.8679,0.0731,0.38,0.5454,0.0037,63
64,0.3568,0.4547,0.6223,0.6071,0.1334,0.3201,64
65,0.2809,0.5156,0.9812,0.3887,0.6916,0.4218,65
66,0.5427,0.4888,0.1901,0.2403,0.795,0.2297,66
67,0.1409,0.6669,0.7926,0.095,0.1634,0.1996,67
68,0.8022,0.1397,0.9079,0.3149,0.1043,0.0378,68
69,0.0746,0.03,0.9437,0.0966,0.1455,0.6434,69
70,0.9869,0.3079,0.9601,0.1769,0.8771,0.2625,70
71,0.7722,0.7047,0.5215,0.9873,0.5282,0.0523,71
72,0.1987,0.2019,0.9773,0.4441,0.4673,0.231,72
73,0.0055,0.6734,0.7573,0.5319,0.1067,0.8019,73
74,0.8155,0.9699,0.1617,0.8736,0.6496,0.8515,74
75,0.7069,0.0939,0.4769,0.9956,0.868,0.4831,75
76,0.729,0.6726,0.7183,0.5827,0.8282,0.4161,76
77,0.7713,0.4438,0.2473,0.8125,0.6261,0.9779,77
78,0.074,0.8681,0.6406,0.3269,0.0753,0.2006,78
79,0.3585,0.1771,0.6666,0.3057,0.1124,0.2154,79
80,0.1159,0.6926,0.1627,0.4027,0.0493,0.2919,80
81,0.8631,0.8381,0.5651,0.6725,0.2575,0.1728,81
82,0.6233,0.9446,0.7716,0.6822,0.1357,0.3794,82
83,0.3309,0.6832,0.4989,0.3152,0.26,0.9108,83
84,0.0636,0.4972,0.0121,0.1332,0.3851,0.6153,84
85,0.311,0.6178,0.009,0.6324,0.943,0.4119,85
86,0.3252,0.8689,0.357,0.1283,0.6104,0.9344,86
88,0.7296,0.5706,0.9262,0.5785,0.835,0.0485,87
88,0.6376,0.0304,0.2287,0.6934,0.7104,0.2103,88
89,0.8872,0.9309,0.6344,0.7006,0.1125,0.5659,89
90,0.4722,0.6895,0.2221,0.7535,0.7359,0.6156,90
91,0.1196,0.6765,0.3217,0.8729,0.2751,0.0396,91
92,0.7132,0.2157,0.848,0.5,0.6391,0.403,92
93,0.7608,0.6589,0.7289,0.7302,0.341,0.6492,93
94,0.5613,0.3939,0.0954,0.6192,0.9977,0.6981,94
95,0.771,0.6512,0.4287,0.1866,0.2636,0.6381,95
96,0.4938,0.1066,0.0292,0.0257,0.2791,0.3206,96
97,0.5227,0.6578,0.4809,0.2845,0.9307,0.0935,97
98,0.4275,0.9994,0.6624,0.443,0.0246,0.4271,98
99,0.0254,0.0482,0.1185,0.6171,0.6967,0.1288,99
100,0.1079,0.9772,0.2889,0.85,0.7253,0.9476,100
101,0.0314,0.4069,0.3978,0.1962,0.8364,0.4752,101
102,0.6364,0.8708,0.9195,0.1255,0.9744,0.3173,102
103,0.3144,0.7824,0.9933,0.9635,0.9756,0.7663,103
104,0.5086,0.567,0.0449,0.108,0.0653,0.4979,104
105,0.9076,0.7384,0.761,0.4785,0.8218,0.31,105
106,0.2493,0.8785,0.3717,0.5856,0.6463,0.812,106
107,0.4104,0.4041,0.3925,0.5414,0.6473,0.8672,107
108,0.7556,0.327,0.7543,0.086,0.1283,0.673,108
109,0.2288,0.6676,0.9184,0.057,0.6502,0.047,109
110,0.077,0.8078,0.9509,0.1055,0.9825,0.5663,110
111,0.2898,0.7623,0.5771,0.5856,0.9118,0.7633,111
112,0.1612,0.7978,0.3571,0.5443,0.4391,0.1365,112
114,0.9297,0.4356,0.7875,0.2337,0.0399,0.2287,113
115,0.8081,0.8178,0.251,0.6378,0.3623,0.8825,114
116,0.6334,0.1202,0.5641,0.8201,0.8264,0.0201,115
117,0.8715,0.5445,0.3586,0.0416,0.7015,0.7527,116
118,0.8037,0.0058,0.6566,0.4981,0.4593,0.4738,117
119,0.1866,0.3246,0.2404,0.6893,0.0551,0.4468,118
120,0.8926,0.3665,0.1916,0.2523,0.4269,0.0071,119
121,0.5393,0.3962,0.9182,0.3078,0.469,0.8194,120
123,0.8074,0.6955,0.1018,0.6136,0.9286,0.3598,121
124,0.8961,0.3886,0.506,0.8979,0.6411,0.5408,122
125,0.318,0.4487,0.2209,0.8099,0.3117,0.6773,123
126,0.1101,0.2375,0.0389,0.5831,0.5253,0.7026,124
127,0.2279,0.3733,0.036,0.7302,0.0661,0.956,125
128,0.4271,0.2273,0.1752,0.3648,0.9726,0.5313,126
129,0.818,0.0732,0.8668,0.641,0.3601,0.3997,127
130,0.8607,0.6034,0.2825,0.4662,0.4779,0.9537,128
131,0.007,0.6682,0.9505,0.1899,0.3553,0.6421,129
132,0.5107,0.6195,0.5816,0.7017,0.6825,0.2982,130
133,0.4174,0.4635,0.4366,0.5565,0.6622,0.1265,131
134,0.2221,0.3798,0.5801,0.3586,0.7153,0.8426,132
135,0.1199,0.8633,0.5167,0.9113,0.2681,0.3622,133
136,0.3376,0.5191,0.7588,0.0209,0.3157,0.6605,134
137,0.9429,0.4792,0.2825,0.3158,0.1253,0.4708,135
138,0.3232,0.0256,0.3531,0.0569,0.6555,0.1989,136
139,0.5188,0.3412,0.8941,0.7665,0.0398,0.6017,137
140,0.703,0.3802,0.9465,0.7021,0.5977,0.0607,138
141,0.3636,0.3988,0.8926,0.3314,0.8697,0.4133,139
142,0.9718,0.5802,0.4194,0.6757,0.8908,0.5466,140
143,0.9624,0.5336,0.7804,0.3959,0.449,0.436,141
144,0.2518,0.6079,0.4763,0.7563,0.4593,0.7487,142
145,0.4972,0.7649,0.4975,0.4542,0.077,0.8279,143
146,0.3009,0.813,0.2047,0.4123,0.6708,0.7712,144
147,0.2848,0.7181,0.5911,0.9347,0.8213,0.0388,145
148,0.0369,0.9555,0.1861,0.2509,0.2447,0.1941,146
149,0.6096,0.0182,0.3316,0.1204,0.4213,0.5366,147
150,0.5027,0.1958,0.855,0.5845,0.8388,0.9348,148
152,0.0515,0.0076,0.2071,0.9693,0.8771,0.835,149
154,0.2786,0.6475,0.0712,0.3778,0.2432,0.8425,150
155,0.9083,0.898,0.069,0.062,0.5506,0.3032,151
158,0.2396,0.2435,0.9408,0.3393,0.1925,0.4294,152
159,0.1449,0.927,0.5069,0.5059,0.1019,0.4707,153
160,0.4895,0.0603,0.4094,0.1619,0.9111,0.1574,154
161,0.9857,0.9344,0.8109,0.6581,0.8205,0.0311,155
162,0.2421,0.3516,0.8358,0.9977,0.76,0.9469,156
164,0.6721,0.1014,0.3322,0.4517,0.0488,0.2407,157
165,0.7616,0.4859,0.6936,0.3547,0.8437,0.2399,158
169,0.2376,0.2568,0.7711,0.4007,0.438,0.0834,159
170,0.7282,0.2849,0.6547,0.1151,0.3424,0.9285,160
171,0.3678,0.3073,0.1516,0.8833,0.5465,0.5797,161
172,0.6323,0.803,0.8759,0.4148,0.0914,0.667,162
173,0.6335,0.5392,0.5391,0.3873,0.7566,0.9116,163
174,0.5358,0.3113,0.2825,0.6597,0.5824,0.3456,164
175,0.0903,0.6103,0.4252,0.442,0.1866,0.6215,165
176,0.8353,0.7162,0.0376,0.6482,0.1882,0.0388,166
177,0.3208,0.2726,0.1279,0.0614,0.1842,0.1868,167
178,0.1865,0.4135,0.7655,0.8137,0.057,0.8312,168
179,0.0408,0.1219,0.0,0.9405,0.5878,0.7668,169
180,0.5909,0.1811,0.4166,0.6488,0.8403,0.3506,170
181,0.6776,0.6811,0.5225,0.9546,0.0175,0.3768,171
182,0.0166,0.1814,0.0546,0.1514,0.049,0.5336,172
183,0.5121,0.5252,0.9731,0.4774,0.5728,0.0002,173
184,0.2265,0.709,0.2261,0.6018,0.8195,0.2412,174
185,0.6452,0.1069,0.3042,0.5817,0.3267,0.2082,175
186,0.1744,0.5673,0.3039,0.4015,0.3496,0.2505,176
187,0.6909,0.2566,0.2304,0.3381,0.5963,0.8059,177
188,0.3867,0.9629,0.0015,0.1268,0.2742,0.2797,178
189,0.9367,0.4835,0.7293,0.3917,0.0266,0.1915,179
190,0.1375,0.806,0.9668,0.1627,0.7352,0.5043,180
191,0.3411,0.5502,0.2243,0.7344,0.6256,0.8656,181
192,0.1135,0.0434,0.663,0.2088,0.5808,0.2413,182
193,0.9247,0.6332,0.7419,0.0586,0.7417,0.0785,183
194,0.8773,0.9514,0.8484,0.5524,0.6752,0.3564,184
195,0.2579,0.6016,0.4226,0.5952,0.2059,0.7477,185
196,0.66,0.8192,0.3029,0.8719,0.3525,0.5507,186
197,0.8172,0.8842,0.3253,0.577,0.1261,0.8168,187
198,0.5552,0.2281,0.7126,0.3455,0.1299,0.9596,188
199,0.5297,0.212,0.8168,0.803,0.6762,0.7927,189
200,0.2419,0.611,0.1816,0.5403,0.8586,0.6038,190
201,0.0931,0.411,0.3709,0.0793,0.9627,0.4933,191
202,0.8972,0.8399,0.9019,0.5659,0.6283,0.0401,192
203,0.9004,0.9,0.8067,0.908,0.1841,0.9843,193
204,0.6331,0.3534,0.9849,0.3963,0.1057,0.3835,194
205,0.339,0.2369,0.7542,0.2963,0.8129,0.1522,195
206,0.3492,0.7805,0.3932,0.1435,0.5788,0.6667,196
207,0.726,0.2748,0.5906,0.1514,0.6183,0.2843,197
208,0.8971,0.8226,0.661,0.4328,0.7815,0.5858,198
209,0.8871,0.4237,0.0785,0.5957,0.7033,0.5868,199
210,0.7799,0.6675,0.5445,0.0806,0.8345,0.4457,200
211,0.642,0.0955,0.7093,0.9396,0.0562,0.8361,201
212,0.0841,0.6239,0.1673,0.7551,0.7475,0.265,202
213,0.1616,0.4518,0.7806,0.5866,0.8509,0.4486,203
214,0.8986,0.5866,0.5838,0.8284,0.2861,0.5377,204
215,0.6064,0.168,0.9522,0.0802,0.6404,0.6636,205
216,0.0092,0.7369,0.0424,0.4768,0.3142,0.784,206
217,0.1015,0.8628,0.2653,0.6301,0.958,0.3948,207
218,0.6635,0.2167,0.6016,0.8287,0.0334,0.646,208
219,0.0051,0.0957,0.2966,0.7835,0.5798,0.1506,209
220,0.1608,0.0236,0.7144,0.2771,0.1665,0.9326,210
221,0.5487,0.642,0.759,0.9409,0.7122,0.3831,211
222,0.6919,0.6071,0.1025,0.1243,0.1759,0.7295,212
223,0.652,0.5467,0.5139,0.8751,0.2354,0.0203,213
224,0.2243,0.2319,0.5089,0.9709,0.4944,0.2052,214
225,0.7122,0.3909,0.3693,0.1772,0.9148,0.4871,215
226,0.2372,0.5945,0.9329,0.7221,0.2117,0.8783,216
227,0.3254,0.4968,0.8275,0.0403,0.1442,0.5273,217
228,0.7465,0.9878,0.6972,0.4054,0.759,0.9299,218
229,0.6496,0.1364,0.7143,0.5163,0.5006,0.4838,219
230,0.8492,0.6951,0.4617,0.5806,0.9118,0.4904,220
231,0.6576,0.4043,0.921,0.9359,0.1466,0.1197,221
232,0.5683,0.4282,0.6946,0.6723,0.6459,0.8027,222
233,0.0937,0.7176,0.729,0.4813,0.2329,0.247,223
234,0.3677,0.6924,0.8617,0.8097,0.1568,0.8996,224
235,0.2652,0.9913,0.2741,0.9505,0.6834,0.9108,225
236,0.244,0.1284,0.8071,0.0221,0.5937,0.9433,226
237,0.973,0.1041,0.1952,0.9825,0.7548,0.5202,227
238,0.3931,0.7243,0.3453,0.0861,0.3095,0.6771,228
239,0.892,0.5784,0.3356,0.8144,0.448,0.7785,229
240,0.6311,0.2742,0.9785,0.2803,0.4055,0.131,230
241,0.7948,0.0794,0.8565,0.1322,0.9841,0.601,231
242,0.5026,0.0857,0.7012,0.4399,0.2922,0.0343,232
243,0.5769,0.8942,0.7271,0.644,0.2948,0.4976,233
244,0.4925,0.1919,0.5621,0.381,0.3545,0.1548,234
245,0.1952,0.3234,0.9471,0.0546,0.5646,0.1829,235
246,0.7225,0.2267,0.4963,0.5995,0.2523,0.365,236
247,0.2808,0.355,0.3805,0.9024,0.9153,0.4324,237
248,0.0243,0.0694,0.163,0.3832,0.2657,0.6232,238
249,0.6455,0.5191,0.7862,0.2163,0.8958,0.0744,239
250,0.1771,0.0676,0.7344,0.4426,0.1035,0.5037,240
251,0.9405,0.8004,0.3844,0.0484,0.6566,0.1826,241
252,0.9539,0.2337,0.0252,0.8205,0.907,0.574,242
253,0.9149,0.54,0.839,0.8263,0.1687,0.6374,243
254,0.3702,0.8801,0.0114,0.588,0.9683,0.5567,244
256,0.0155,0.6509,0.7037,0.3531,0.4529,0.7383,245
256,0.9283,0.533,0.9703,0.7998,0.9457,0.3356,246
257,0.4282,0.3243,0.4377,0.5547,0.6768,0.7651,247
258,0.9667,0.333,0.235,0.8259,0.3016,0.4328,248
259,0.9636,0.6695,0.7049,0.6315,0.1883,0.4842,249
260,0.853,0.9941,0.8171,0.7844,0.3037,0.6481,250
261,0.2944,0.6618,0.5464,0.5986,0.093,0.0184,251
262,0.3851,0.5578,0.967,0.4141,0.1439,0.654,252
263,0.8511,0.7307,0.0517,0.9579,0.1047,0.6186,253
264,0.3169,0.4652,0.5048,0.5411,0.4229,0.3098,254
265,0.1695,0.0601,0.7185,0.6051,0.7956,0.0858,255
266,0.5568,0.5623,0.8626,0.2205,0.1414,0.0909,256
267,0.9362,0.9576,0.1793,0.6257,0.1303,0.9232,257
268,0.696,0.1753,0.8,0.5716,0.6434,0.6893,258
269,0.5701,0.69,0.5527,0.1848,0.1972,0.1271,259
270,0.0972,0.2009,0.3966,0.0596,0.0976,0.3567,260
271,0.615,0.5358,0.1317,0.6044,0.1668,0.5925,261
272,0.9901,0.0967,0.8653,0.7637,0.9237,0.8356,262
273,0.1401,0.4504,0.1573,0.5234,0.8215,0.0437,263
274,0.5183,0.7562,0.3098,0.2268,0.3541,0.2366,264
275,0.8774,0.3476,0.29,0.6665,0.6558,0.8897,265
276,0.7408,0.6649,0.8714,0.0801,0.5373,0.0092,266
277,0.697,0.7954,0.6727,0.4418,0.6771,0.2014,267
278,0.7025,0.9272,0.7967,0.1634,0.6827,0.959,268
279,0.3595,0.2346,0.2505,0.1845,0.6287,0.6134,269
280,0.2936,0.3993,0.6249,0.2023,0.2661,0.2617,270
282,0.8094,0.1524,0.5717,0.3867,0.039,0.067,271
283,0.8101,0.9925,0.8328,0.0512,0.4556,0.0282,272
284,0.8671,0.927,0.9061,0.3978,0.891,0.2447,273
285,0.9132,0.54,0.0122,0.5117,0.5695,0.8815,274
286,0.5113,0.842,0.674,0.4833,0.8324,0.4159,275
287,0.5015,0.521,0.0518,0.3828,0.9916,0.7203,276
289,0.7983,0.6236,0.5489,0.8391,0.1636,0.9183,277
290,0.65,0.0891,0.2876,0.1453,0.6918,0.408,278
291,0.702,0.7553,0.3068,0.5057,0.6743,0.1913,279
292,0.7958,0.1277,0.353,0.062,0.98,0.5171,280
293,0.89,0.8261,0.6213,0.0712,0.9856,0.9081,281
294,0.338,0.782,0.334,0.5739,0.6867,0.8044,282
295,0.3756,0.7087,0.7327,0.566,0.2436,0.0658,283
296,0.094,0.0362,0.4045,0.878,0.7986,0.6926,284
297,0.5783,0.3031,0.0684,0.5579,0.107,0.5719,285
298,0.0359,0.2631,0.7838,0.9598,0.7807,0.9075,286
300,0.4656,0.3601,0.2858,0.0487,0.9102,0.1225,287
301,0.5426,0.0876,0.4328,0.098,0.3828,0.534,288
302,0.2865,0.937,0.6854,0.0441,0.6306,0.8795,289
303,0.5908,0.5538,0.3325,0.1853,0.4301,0.41,290
304,0.0305,0.3055,0.0566,0.5413,0.4378,0.482,291
305,0.0373,0.397,0.3739,0.6456,0.3104,0.0705,292
306,0.8226,0.4472,0.9444,0.0456,0.7621,0.2781,293
307,0.3602,0.6006,0.6417,0.946,0.9362,0.3245,294
308,0.1271,0.5157,0.6715,0.8422,0.9408,0.9451,295
309,0.5222,0.9194,0.6323,0.2966,0.1748,0.2827,296
311,0.77,0.497,0.199,0.0772,0.8747,0.4609,297
312,0.2158,0.9922,0.4183,0.1699,0.7374,0.6713,298
313,0.6229,0.8514,0.7509,0.1269,0.2528,0.1622,299
314,0.0853,0.2085,0.1014,0.1233,0.0673,0.4864,300
315,0.0517,0.9306,0.2779,0.5186,0.268,0.7385,301
317,0.5314,0.1164,0.2763,0.2458,0.9122,0.8669,302
318,0.5406,0.8174,0.432,0.3581,0.6332,0.6263,303
319,0.6374,0.3806,0.9804,0.9895,0.7211,0.6691,304
320,0.7261,0.878,0.0675,0.6843,0.2572,0.1263,305
321,0.9759,0.8681,0.5187,0.949,0.7194,0.9458,306
322,0.5163,0.8059,0.1794,0.1426,0.0281,0.1326,307
323,0.323,0.79,0.9707,0.3821,0.3753,0.7747,308
324,0.7952,0.3047,0.1133,0.5547,0.6268,0.2648,309
325,0.2708,0.0809,0.4036,0.0768,0.1461,0.9336,310
326,0.439,0.403,0.7379,0.0042,0.823,0.72,311
327,0.0785,0.1735,0.7046,0.6704,0.235,0.7538,312
328,0.0254,0.695,0.4227,0.6418,0.6523,0.2191,313
329,0.9626,0.3461,0.3465,0.4108,0.4052,0.443,314
330,0.836,0.9756,0.3976,0.4896,0.596,0.6178,315
337,0.696,0.641,0.2643,0.4154,0.1075,0.77,316
338,0.409,0.8225,0.2053,0.024,0.0169,0.104,317
339,0.1733,0.1325,0.483,0.3354,0.9096,0.9624,318
340,0.1564,0.862,0.2685,0.1771,0.2696,0.8902,319
341,0.2502,0.9228,0.2875,0.0984,0.8197,0.2703,320
342,0.5492,0.4871,0.6568,0.9567,0.9994,0.8228,321
343,0.7146,0.6063,0.9685,0.5994,0.2114,0.5183,322
344,0.6602,0.7648,0.6036,0.7287,0.2652,0.4618,323
345,0.2799,0.1748,0.077,0.3154,0.6629,0.3144,324
346,0.9549,0.5026,0.0756,0.3931,0.9654,0.581,325
347,0.7379,0.3987,0.9514,0.2369,0.9158,0.7299,326
348,0.5544,0.1464,0.2973,0.097,0.5029,0.4109,327
349,0.6117,0.3675,0.0921,0.179,0.7951,0.6292,328
350,0.4196,0.0682,0.599,0.7975,0.1357,0.6993,329
351,0.2477,0.0258,0.6236,0.6775,0.9774,0.7111,330
352,0.356,0.1352,0.6485,0.5469,0.9644,0.052,331
353,0.7578,0.9631,0.2674,0.4751,0.1637,0.8597,332
354,0.0144,0.5495,0.0151,0.9224,0.2994,0.4583,333
355,0.1161,0.9658,0.965,0.0727,0.1002,0.2624,334
356,0.046,0.4325,0.2509,0.2806,0.2717,0.2418,335
357,0.0407,0.3118,0.676,0.3499,0.816,0.483,336
358,0.8555,0.5061,0.7066,0.7824,0.3783,0.8868,337
359,0.7037,0.4395,0.61,0.9925,0.0884,0.3783,338
360,0.4742,0.1057,0.3129,0.2407,0.3422,0.7497,339
361,0.0978,0.6408,0.2711,0.8743,0.9814,0.0968,340
362,0.4916,0.216,0.5977,0.8306,0.6297,0.4761,341
363,0.4735,0.6196,0.8661,0.2247,0.4162,0.9917,342
364,0.1732,0.6502,0.9467,0.3993,0.1665,0.7704,343
365,0.4339,0.152,0.1059,0.4097,0.9862,0.2105,344
366,0.3985,0.0613,0.1548,0.9782,0.8208,0.5014,345
367,0.6159,0.7808,0.9447,0.1809,0.2815,0.2336,346
368,0.6351,0.4598,0.7365,0.7992,0.0701,0.4096,347
369,0.0453,0.0582,0.883,0.3342,0.0566,0.7801,348
370,0.3746,0.9949,0.2026,0.7309,0.1204,0.7712,349
371,0.6259,0.0578,0.5876,0.42,0.5808,0.2281,350
372,0.5031,0.695,0.7011,0.5784,0.9288,0.9222,351
373,0.8565,0.9837,0.6801,0.8326,0.4967,0.5926,352
374,0.6587,0.2392,0.4082,0.8042,0.8429,0.3799,353
375,0.1629,0.1422,0.0154,0.8664,0.4459,0.5019,354
376,0.0706,0.1214,0.5829,0.0596,0.7086,0.6051,355
377,0.6424,0.3033,0.2531,0.6921,0.7319,0.5599,356
378,0.0265,0.101,0.4503,0.14,0.174,0.4864,357
379,0.5858,0.6922,0.9576,0.4158,0.3612,0.5049,358
380,0.9402,0.0623,0.399,0.5486,0.6373,0.1764,359
381,0.5755,0.5094,0.8398,0.4027,0.0707,0.8127,360
382,0.3882,0.9967,0.1885,0.5196,0.3615,0.5418,361
383,0.6433,0.814,0.6725,0.9965,0.5348,0.1311,362
384,0.4583,0.6152,0.977,0.1352,0.9962,0.7662,363
385,0.5456,0.3063,0.1019,0.6755,0.4745,0.9324,364
386,0.9415,0.6239,0.0083,0.396,0.8161,0.9473,365
387,0.3861,0.527,0.4336,0.133,0.4321,0.369,366
388,0.9612,0.4261,0.0926,0.1587,0.7964,0.1355,367
389,0.9054,0.1307,0.7484,0.9493,0.5954,0.5184,368
390,0.1958,0.8866,0.9145,0.8796,0.8866,0.1126,369
391,0.0694,0.4498,0.434,0.907,0.4109,0.934,370
392,0.1008,0.1946,0.2587,0.9915,0.6043,0.1836,371
393,0.0182,0.3678,0.4344,0.2083,0.63,0.2528,372
394,0.0944,0.4141,0.7234,0.3554,0.4174,0.4066,373
395,0.683,0.8275,0.0091,0.6692,0.1443,0.3832,374
396,0.0712,0.7336,0.5895,0.4838,0.0936,0.7947,375
397,0.319,0.7693,0.6133,0.4184,0.0167,0.4563,376
398,0.8449,0.011,0.6377,0.3578,0.8735,0.1708,377
399,0.0233,0.4162,0.242,0.5938,0.2365,0.2672,378
400,0.8145,0.4813,0.7141,0.5756,0.2115,0.5091,379
401,0.2819,0.0192,0.0914,0.1615,0.736,0.1475,380
402,0.1182,0.2598,0.1993,0.4717,0.32,0.6117,381
403,0.6967,0.7603,0.8775,0.5535,0.506,0.5657,382
404,0.6289,0.1371,0.7387,0.5703,0.1625,0.7147,383
405,0.8775,0.5353,0.0137,0.2101,0.9597,0.9377,384
406,0.7351,0.2152,0.2484,0.7423,0.8516,0.9123,385
407,0.8035,0.0121,0.2144,0.0252,0.8638,0.9461,386
408,0.282,0.2412,0.2708,0.3548,0.4068,0.2447,387
409,0.1774,0.9759,0.2476,0.7802,0.7624,0.1316,388
410,0.7506,0.8015,0.0625,0.5639,0.1439,0.3023,389
411,0.8068,0.9596,0.4589,0.2612,0.0086,0.8951,390
412,0.9905,0.4879,0.7327,0.695,0.02,0.9721,391
413,0.4126,0.1097,0.6067,0.5674,0.5866,0.8593,392
414,0.372,0.548,0.6729,0.7962,0.4554,0.11,393
415,0.7764,0.4544,0.0811,0.735,0.518,0.9474,394
416,0.3408,0.8444,0.9515,0.6101,0.0075,0.4234,395
417,0.9308,0.0981,0.8385,0.4882,0.4227,0.0093,396
418,0.8584,0.4882,0.8051,0.1332,0.7181,0.4424,397
419,0.429,0.15,0.823,0.2613,0.4427,0.0461,398
420,0.7509,0.3247,0.9327,0.4191,0.7322,0.5439,399
421,0.7545,0.7374,0.5443,0.5993,0.233,0.3386,400
422,0.1031,0.476,0.2003,0.5137,0.8131,0.4734,401
424,0.9026,0.3759,0.6168,0.2882,0.5884,0.6132,402
424,0.5053,0.3945,0.7429,0.0065,0.2108,0.8688,403
425,0.8265,0.4594,0.7379,0.4962,0.2367,0.6619,404
426,0.32,0.785,0.5214,0.2856,0.628,0.434,405
427,0.8955,0.8921,0.0685,0.7346,0.8299,0.8194,406
428,0.3892,0.9553,0.3711,0.0239,0.4156,0.9056,407
429,0.0108,0.7869,0.9208,0.5848,0.2583,0.1198,408
430,0.9054,0.3154,0.5844,0.9415,0.867,0.5319,409
431,0.0913,0.6881,0.5383,0.1744,0.6693,0.2845,410
432,0.3193,0.4376,0.2689,0.4716,0.4481,0.0471,411
433,0.9501,0.2547,0.3684,0.0914,0.4879,0.6685,412
434,0.9506,0.8409,0.8953,0.6257,0.2043,0.8628,413
435,0.5734,0.0384,0.6665,0.5505,0.6268,0.1629,414
436,0.6318,0.9018,0.7874,0.4074,0.3587,0.8124,415
437,0.4484,0.4615,0.4543,0.5214,0.9956,0.8534,416
438,0.2932,0.6372,0.6302,0.8966,0.4802,0.9143,417
439,0.3287,0.6594,0.2484,0.1963,0.4859,0.2653,418
441,0.6725,0.8951,0.7055,0.0226,0.5659,0.904,419
442,0.7524,0.6367,0.4276,0.8617,0.9168,0.3207,420
443,0.7916,0.6139,0.4425,0.5771,0.8008,0.5523,421
444,0.7896,0.0667,0.6493,0.8907,0.4511,0.0505,422
445,0.0912,0.5184,0.9363,0.5969,0.7187,0.0439,423
446,0.4944,0.1502,0.064,0.8102,0.5862,0.7204,424
447,0.0576,0.7374,0.8247,0.4297,0.4924,0.4445,425
448,0.5495,0.5122,0.2924,0.7499,0.1923,0.2563,426
450,0.4415,0.6802,0.4439,0.913,0.4639,0.1904,427
451,0.8877,0.0417,0.0219,0.5721,0.2458,0.67,428
452,0.3509,0.0848,0.301,0.1808,0.9148,0.0004,429
453,0.1171,0.7163,0.5026,0.2688,0.3354,0.8059,430
454,0.143,0.0721,0.0562,0.1986,0.9523,0.0792,431
455,0.7615,0.0713,0.4911,0.2469,0.5331,0.1915,432
456,0.6182,0.0121,0.9271,0.3064,0.6315,0.3862,433
457,0.1011,0.9565,0.1054,0.5551,0.5429,0.4849,434
458,0.0841,0.7375,0.7644,0.588,0.1294,0.355,435
459,0.701,0.3533,0.4097,0.4265,0.3758,0.3207,436
460,0.0728,0.2965,0.6552,0.6154,0.0991,0.9639,437
461,0.8219,0.3497,0.2602,0.0816,0.623,0.6416,438
462,0.7062,0.7747,0.1595,0.0878,0.4469,0.0234,439
463,0.0813,0.6614,0.1605,0.1718,0.778,0.4302,440
464,0.0848,0.1852,0.0705,0.5181,0.2205,0.875,441
465,0.9866,0.1741,0.1856,0.214,0.1646,0.3015,442
466,0.3743,0.0984,0.6642,0.2833,0.4063,0.0946,443
468,0.3706,0.6603,0.8817,0.4003,0.9266,0.7584,444
470,0.8128,0.7644,0.8141,0.8119,0.7104,0.606,445
471,0.9472,0.265,0.6851,0.0139,0.4189,0.5703,446
472,0.986,0.0209,0.1104,0.6494,0.5173,0.0536,447
473,0.7534,0.0822,0.2892,0.6689,0.0842,0.1405,448
474,0.3763,0.9679,0.3098,0.7987,0.9846,0.6225,449
475,0.0835,0.2954,0.25,0.9328,0.6664,0.2078,450
476,0.7771,0.7692,0.515,0.0201,0.2854,0.5041,451
477,0.5584,0.6247,0.5356,0.1538,0.5858,0.5449,452
478,0.4242,0.3819,0.3569,0.8862,0.1095,0.2835,453
479,0.9064,0.2057,0.3538,0.4585,0.9658,0.9484,454
480,0.1112,0.1214,0.8286,0.5646,0.1748,0.8425,455
481,0.4926,0.615,0.7893,0.663,0.648,0.7224,456
482,0.0114,0.7746,0.3078,0.6791,0.2455,0.078,457
483,0.4687,0.6439,0.9138,0.9317,0.7176,0.1061,458
484,0.0563,0.5303,0.9528,0.9969,0.7768,0.4928,459
485,0.1188,0.042,0.3267,0.7202,0.6734,0.1607,460
486,0.1175,0.9685,0.3544,0.2872,0.6145,0.9783,461
487,0.6492,0.7987,0.5056,0.8798,0.8925,0.1585,462
488,0.746,0.2928,0.9411,0.0492,0.0786,0.4875,463
490,0.5834,0.98,0.8763,0.2311,0.3309,0.3641,464
492,0.9622,0.6019,0.1026,0.8974,0.2483,0.6394,465
493,0.3749,0.5824,0.3927,0.2562,0.988,0.129,466
494,0.2857,0.7481,0.5534,0.2207,0.3894,0.4303,467
496,0.8686,0.8118,0.5031,0.1381,0.7326,0.2747,468
497,0.2236,0.6565,0.1939,0.8591,0.6847,0.8878,469
498,0.9632,0.1281,0.8588,0.5001,0.2121,0.0406,470
505,0.0122,0.3383,0.6769,0.6749,0.239,0.9137,471
506,0.9699,0.9281,0.8379,0.2391,0.2813,0.833,472
507,0.0432,0.2246,0.8588,0.758,0.4111,0.2976,473
508,0.8911,0.3722,0.7484,0.76,0.2343,0.7893,474
509,0.5277,0.4321,0.4392,0.3126,0.0197,0.0312,475
510,0.993,0.4394,0.6105,0.4107,0.8794,0.9669,476
511,0.0738,0.6129,0.1604,0.2097,0.9656,0.5266,477
512,0.5539,0.9431,0.6736,0.9766,0.3416,0.3033,478
513,0.9693,0.2407,0.1793,0.6456,0.3385,0.3626,479
514,0.5231,0.1215,0.6939,0.9345,0.0071,0.0664,480
515,0.6294,0.1975,0.2296,0.3034,0.6803,0.9893,481
516,0.6957,0.8869,0.1176,0.7819,0.8254,0.0393,482
517,0.4545,0.6458,0.1653,0.7659,0.1466,0.6549,483
518,0.6276,0.2859,0.002,0.6917,0.1597,0.4427,484
519,0.5843,0.8159,0.7187,0.9656,0.7901,0.9489,485
520,0.9012,0.8614,0.7324,0.3936,0.6163,0.246,486
521,0.0454,0.8465,0.5149,0.1307,0.0449,0.5321,487
522,0.281,0.9189,0.1614,0.6717,0.6225,0.4824,488
523,0.9504,0.2522,0.0836,0.7293,0.3089,0.7029,489
524,0.8903,0.755,0.0191,0.5751,0.3687,0.068,490
525,0.4557,0.4605,0.1657,0.2068,0.7697,0.1938,491
526,0.6201,0.842,0.8909,0.5045,0.8109,0.2146,492
527,0.2774,0.7285,0.2415,0.3122,0.4004,0.7382,493
528,0.1881,0.7764,0.3543,0.4275,0.9472,0.1891,494
529,0.4637,0.6562,0.1053,0.6452,0.4065,0.5735,495
530,0.3534,0.1774,0.2224,0.7452,0.7718,0.2152,496
531,0.5837,0.545,0.5192,0.2322,0.4839,0.8616,497
532,0.0777,0.9847,0.6078,0.4053,0.8975,0.9422,498
533,0.9744,0.9374,0.2454,0.2692,0.9078,0.5185,499
534,0.9862,0.0432,0.0577,0.1986,0.0874,0.3523,500
535,0.6982,0.1648,0.391,0.7834,0.9365,0.2341,501
536,0.5361,0.1317,0.2342,0.9093,0.8255,0.0498,502
537,0.3095,0.726,0.2196,0.3702,0.7913,0.2685,503
538,0.8138,0.8178,0.9599,0.7513,0.2009,0.6542,504
539,0.6847,0.2135,0.6163,0.897,0.8051,0.5336,505
540,0.1626,0.5059,0.5569,0.8461,0.8501,0.944,506
541,0.9109,0.8407,0.4158,0.1828,0.2892,0.3963,507
542,0.8225,0.7328,0.4289,0.9563,0.9523,0.6939,508
543,0.9498,0.5422,0.5409,0.3767,0.0499,0.4893,509
544,0.7257,0.5903,0.6964,0.3392,0.1499,0.5126,510
545,0.6134,0.5084,0.7021,0.0624,0.5376,0.2678,511
546,0.4182,0.2975,0.1717,0.4862,0.5758,0.455,512
547,0.9327,0.565,0.5001,0.109,0.6452,0.4708,513
548,0.8661,0.6889,0.412,0.2485,0.017,0.7066,514
549,0.0452,0.8733,0.8705,0.3169,0.9604,0.9406,515
550,0.0264,0.6363,0.6314,0.8088,0.0446,0.3293,516
551,0.3765,0.7611,0.5325,0.8755,0.1431,0.0422,517
552,0.8106,0.1601,0.1154,0.3025,0.014,0.4963,518
553,0.9873,0.4616,0.6056,0.8587,0.5669,0.5445,519
554,0.1504,0.0093,0.1172,0.8572,0.9323,0.1684,520
555,0.5941,0.2467,0.3372,0.7647,0.6659,0.7605,521
556,0.3809,0.7265,0.1428,0.1467,0.8227,0.9849,522
557,0.9699,0.9918,0.6921,0.6903,0.0133,0.9458,523
558,0.8421,0.0992,0.2063,0.945,0.542,0.1971,524
559,0.8383,0.4015,0.3919,0.6825,0.4596,0.8754,525
560,0.4687,0.8001,0.8957,0.3316,0.499,0.7045,526
561,0.4148,0.204,0.2043,0.5006,0.0722,0.4538,527
562,0.2734,0.5551,0.5078,0.6457,0.6844,0.5406,528
563,0.0564,0.7331,0.4193,0.5106,0.5032,0.8496,529
564,0.8647,0.616,0.0181,0.12,0.7651,0.4801,530
565,0.8129,0.188,0.7928,0.3121,0.4853,0.3732,531
566,0.9997,0.3554,0.069,0.8024,0.1494,0.4932,532
567,0.9966,0.7838,0.4743,0.8614,0.6483,0.5791,533
568,0.5554,0.5542,0.5607,0.1373,0.1724,0.1891,534
569,0.769,0.0052,0.6284,0.9524,0.8724,0.9009,535
570,0.9448,0.761,0.6886,0.3288,0.6131,0.6742,536
571,0.8496,0.0353,0.2533,0.6623,0.1572,0.6333,537
572,0.2473,0.7457,0.01,0.7518,0.9623,0.0995,538
573,0.4505,0.2025,0.7234,0.8119,0.5184,0.6042,539
574,0.1292,0.9581,0.5357,0.9457,0.0729,0.121,540
575,0.9541,0.3679,0.8361,0.3129,0.6268,0.0787,541
576,0.6062,0.3269,0.8214,0.8585,0.2532,0.5273,542
577,0.2286,0.1489,0.8433,0.1317,0.8037,0.4028,543
578,0.6717,0.3056,0.4851,0.705,0.8178,0.5888,544
579,0.6181,0.8767,0.3336,0.742,0.9789,0.0892,545
580,0.3582,0.9963,0.7916,0.6777,0.5019,0.431,546
581,0.1136,0.3683,0.4513,0.2523,0.455,0.1748,547
582,0.6716,0.4486,0.1834,0.873,0.7535,0.9871,548
583,0.5203,0.7221,0.855,0.1689,0.1325,0.5612,549
584,0.7723,0.8862,0.8826,0.0536,0.5469,0.6874,550
585,0.5202,0.593,0.4663,0.7175,0.5462,0.3254,551
586,0.8522,0.3915,0.0757,0.4755,0.0895,0.0947,552
587,0.5519,0.4126,0.3878,0.8491,0.418,0.9759,553
588,0.5609,0.6956,0.8035,0.3834,0.8533,0.2863,554
589,0.8767,0.0032,0.9018,0.1683,0.8562,0.4238,555
590,0.4035,0.6196,0.2035,0.8364,0.0992,0.6499,556
592,0.134,0.3555,0.067,0.5489,0.0907,0.0247,557
592,0.0288,0.7942,0.8774,0.1892,0.2627,0.8103,558
593,0.7551,0.093,0.3894,0.7204,0.8748,0.5366,559
594,0.6203,0.5882,0.5418,0.5111,0.1289,0.2782,560
595,0.7041,0.481,0.9681,0.6043,0.72,0.0616,561
596,0.213,0.6423,0.0666,0.4609,0.1012,0.1625,562
597,0.1364,0.0649,0.6483,0.8287,0.6231,0.895,563
598,0.0145,0.58,0.0741,0.8296,0.3561,0.686,564
599,0.3506,0.5615,0.3755,0.7094,0.7889,0.2499,565
600,0.5899,0.5607,0.8038,0.1054,0.2337,0.0656,566
601,0.3922,0.6035,0.4335,0.8389,0.6392,0.6906,567
602,0.4375,0.6765,0.9972,0.671,0.2357,0.5724,568
603,0.9042,0.805,0.5591,0.697,0.7137,0.4045,569
604,0.3483,0.2698,0.3212,0.363,0.8737,0.3636,570
605,0.514,0.825,0.2201,0.8793,0.1268,0.2168,571
606,0.7837,0.4983,0.3505,0.7254,0.8666,0.6696,572
607,0.3965,0.0771,0.3725,0.1126,0.5936,0.9707,573
608,0.6221,0.0586,0.0687,0.4078,0.1271,0.1757,574
609,0.8624,0.3342,0.3696,0.8864,0.4275,0.5971,575
610,0.9495,0.7849,0.4642,0.0472,0.1609,0.4242,576
611,0.1471,0.7077,0.7227,0.9614,0.7003,0.4467,577
612,0.9266,0.7886,0.6567,0.6792,0.7589,0.2541,578
613,0.4921,0.5173,0.7088,0.6314,0.1058,0.8251,579
614,0.2582,0.4402,0.0084,0.2706,0.5061,0.4853,580
615,0.4591,0.1475,0.2177,0.2488,0.8146,0.5434,581
616,0.98,0.3282,0.6617,0.9421,0.9362,0.3048,582
618,0.4926,0.434,0.484,0.2983,0.5135,0.1818,583
619,0.3288,0.0886,0.0053,0.7755,0.9503,0.0859,584
620,0.6334,0.2206,0.8045,0.3931,0.5357,0.7141,585
621,0.2401,0.5982,0.7728,0.1393,0.3942,0.1962,586
622,0.0759,0.7357,0.5484,0.0107,0.8482,0.6901,587
623,0.1289,0.9983,0.0665,0.5443,0.493,0.3904,588
624,0.128,0.9331,0.7665,0.9758,0.4719,0.4158,589
625,0.1519,0.6426,0.5837,0.3691,0.4903,0.4692,590
626,0.1388,0.4212,0.782,0.3572,0.8468,0.3677,591
627,0.6409,0.6362,0.7517,0.3441,0.8319,0.1006,592
628,0.1819,0.7857,0.803,0.5205,0.4035,0.3096,593
629,0.3457,0.1183,0.518,0.4407,0.3333,0.6637,594
630,0.8968,0.4099,0.1403,0.8799,0.4919,0.6658,595
631,0.474,0.8398,0.6712,0.5055,0.5728,0.2862,596
632,0.6676,0.3838,0.6205,0.5078,0.2383,0.4601,597
633,0.1723,0.5719,0.7423,0.1384,0.794,0.1934,598
634,0.1923,0.5878,0.1699,0.9827,0.4865,0.2104,599
636,0.0409,0.1845,0.195,0.25,0.334,0.023,600
638,0.1689,0.3622,0.8904,0.0734,0.1068,0.8967,601
639,0.2786,0.3345,0.75,0.6631,0.2388,0.2107,602
640,0.177,0.0262,0.9082,0.5954,0.9493,0.2275,603
641,0.0887,0.0242,0.7587,0.4151,0.3051,0.2796,604
642,0.1206,0.8317,0.5972,0.4222,0.1689,0.1274,605
643,0.4608,0.2731,0.6541,0.7851,0.4607,0.6393,606
644,0.2063,0.5181,0.8891,0.1957,0.3071,0.0751,607
645,0.3643,0.2987,0.5788,0.8203,0.0352,0.1342,608
646,0.5034,0.9407,0.6324,0.6487,0.3231,0.6448,609
647,0.6904,0.2593,0.1565,0.419,0.5441,0.3397,610
648,0.0393,0.4297,0.4739,0.458,0.5517,0.7079,611
649,0.7994,0.8727,0.7164,0.2566,0.3566,0.5574,612
650,0.6279,0.8419,0.2709,0.7521,0.4473,0.256,613
651,0.0818,0.1861,0.2023,0.5129,0.9655,0.6508,614
652,0.8736,0.8026,0.3138,0.3209,0.3773,0.1163,615
653,0.9209,0.4582,0.2415,0.5961,0.2582,0.5364,616
654,0.0611,0.483,0.2149,0.9957,0.2435,0.4371,617
655,0.2769,0.1335,0.4249,0.4353,0.4578,0.2679,618
656,0.8062,0.0806,0.9078,0.9207,0.7595,0.604,619
658,0.7483,0.7279,0.5071,0.345,0.206,0.8713,620
660,0.1845,0.4965,0.1879,0.0547,0.7093,0.9989,621
661,0.2093,0.4369,0.077,0.2042,0.0211,0.6078,622
662,0.3705,0.7295,0.6962,0.4187,0.4189,0.4047,623
664,0.4845,0.7655,0.3828,0.2196,0.7759,0.2252,624
665,0.6183,0.1589,0.8218,0.0002,0.3387,0.2571,625
666,0.3689,0.6102,0.6595,0.915,0.5637,0.4795,626
673,0.4625,0.1354,0.7962,0.8439,0.205,0.3673,627
674,0.7475,0.7514,0.2719,0.7423,0.742,0.9138,628
675,0.0367,0.657,0.6924,0.1678,0.0523,0.3683,629
676,0.2524,0.9566,0.2641,0.1204,0.8525,0.3734,630
677,0.7133,0.069,0.9391,0.0676,0.1982,0.3835,631
678,0.8952,0.0571,0.6364,0.724,0.8744,0.8366,632
679,0.5117,0.2822,0.3245,0.9288,0.3525,0.6508,633
680,0.5321,0.2617,0.2695,0.4305,0.7227,0.6142,634
681,0.1072,0.247,0.1909,0.1191,0.3192,0.3341,635
682,0.4474,0.9063,0.6946,0.5124,0.9059,0.8179,636
683,0.5326,0.2495,0.2187,0.3488,0.1266,0.0384,637
684,0.2425,0.2719,0.5953,0.3748,0.1785,0.8708,638
685,0.2692,0.7594,0.2646,0.6213,0.493,0.5127,639
686,0.3773,0.4497,0.662,0.7187,0.0819,0.3983,640
687,0.0201,0.7767,0.8149,0.1106,0.196,0.4972,641
688,0.3221,0.0654,0.778,0.0356,0.9438,0.6674,642
689,0.2114,0.4876,0.7609,0.9943,0.9765,0.0128,643
690,0.3275,0.0336,0.1877,0.2327,0.3763,0.8716,644
691,0.1198,0.0627,0.0884,0.0538,0.9233,0.4467,645
692,0.8905,0.9064,0.6989,0.1899,0.5448,0.343,646
693,0.5936,0.1392,0.3683,0.039,0.2697,0.1382,647
694,0.6791,0.5324,0.4323,0.3918,0.7024,0.4395,648
695,0.7892,0.4111,0.0311,0.8024,0.6589,0.4963,649
696,0.4984,0.3473,0.2596,0.3412,0.9891,0.4036,650
697,0.0869,0.8998,0.0337,0.4442,0.265,0.6787,651
698,0.5371,0.0218,0.8792,0.6756,0.6721,0.4209,652
699,0.5868,0.6638,0.2434,0.5089,0.052,0.9614,653
700,0.7454,0.9634,0.5573,0.8614,0.1136,0.5993,654
701,0.4317,0.5602,0.039,0.866,0.0039,0.8075,655
702,0.1276,0.9368,0.6668,0.0099,0.9995,0.1094,656
703,0.2838,0.0523,0.323,0.778,0.8023,0.3973,657
704,0.3631,0.4188,0.8979,0.4607,0.7867,0.3368,658
705,0.6459,0.2602,0.8881,0.9888,0.5097,0.5695,659
706,0.5708,0.7308,0.3253,0.4832,0.3001,0.8611,660
707,0.3561,0.9813,0.901,0.9869,0.1513,0.0783,661
708,0.9865,0.2565,0.9962,0.7546,0.2847,0.0726,662
709,0.6058,0.6542,0.8254,0.2486,0.376,0.8503,663
710,0.2372,0.1981,0.8449,0.5384,0.7563,0.2129,664
711,0.1018,0.5653,0.249,0.9921,0.5397,0.6688,665
712,0.1529,0.4639,0.5767,0.8575,0.0775,0.5429,666
713,0.246,0.972,0.0673,0.0974,0.018,0.8329,667
714,0.1607,0.6085,0.0949,0.7064,0.1023,0.1251,668
715,0.1866,0.3495,0.9989,0.3456,0.4105,0.1298,669
716,0.2851,0.1141,0.3266,0.007,0.9332,0.5568,670
717,0.1734,0.1512,0.7482,0.4035,0.6374,0.9464,671
718,0.8968,0.2253,0.8067,0.2348,0.8018,0.415,672
719,0.0802,0.251,0.858,0.8189,0.4664,0.3269,673
720,0.5245,0.8506,0.9976,0.3373,0.3617,0.6067,674
721,0.4104,0.5612,0.2415,0.8275,0.1084,0.9304,675
722,0.9824,0.5234,0.0404,0.0006,0.8759,0.8369,676
723,0.112,0.1148,0.4112,0.3078,0.7832,0.9955,677
724,0.3979,0.8601,0.1301,0.2412,0.1681,0.0226,678
725,0.9695,0.7228,0.0224,0.2336,0.5123,0.1129,679
726,0.8655,0.0677,0.3604,0.0682,0.4874,0.6095,680
727,0.8171,0.7078,0.7837,0.1871,0.6251,0.8206,681
728,0.2579,0.5435,0.5662,0.5555,0.9462,0.2852,682
729,0.1709,0.0817,0.3128,0.2914,0.5798,0.2392,683
730,0.6686,0.4583,0.6543,0.4174,0.5402,0.787,684
731,0.9294,0.4847,0.232,0.3769,0.0503,0.0564,685
732,0.5568,0.1658,0.0144,0.8759,0.0629,0.3694,686
733,0.5716,0.9457,0.7644,0.9053,0.1873,0.5058,687
734,0.28,0.85,0.6237,0.493,0.0325,0.5603,688
735,0.7695,0.669,0.7623,0.3302,0.7434,0.7286,689
736,0.187,0.4623,0.0389,0.1068,0.7233,0.3548,690
737,0.3237,0.4118,0.8371,0.9534,0.1361,0.6127,691
738,0.4254,0.651,0.6195,0.0602,0.8361,0.5854,692
739,0.5076,0.5454,0.5634,0.2977,0.1548,0.5476,693
740,0.2424,0.0623,0.6246,0.2981,0.3012,0.6405,694
741,0.1148,0.5125,0.8644,0.3204,0.249,0.2594,695
742,0.6106,0.8064,0.5869,0.1643,0.3723,0.0846,696
743,0.2886,0.4592,0.581,0.7832,0.2547,0.1193,697
744,0.5812,0.052,0.9907,0.1225,0.489,0.2246,698
745,0.1544,0.7863,0.7567,0.6349,0.4074,0.5002,699
746,0.4811,0.2014,0.4423,0.1238,0.9866,0.8404,700
747,0.5326,0.2586,0.7074,0.0705,0.0559,0.7013,701
748,0.0518,0.1647,0.3892,0.9094,0.1422,0.789,702
749,0.3366,0.3302,0.2289,0.1901,0.0528,0.351,703
750,0.1344,0.7568,0.5969,0.8213,0.6258,0.4047,704
751,0.0634,0.5194,0.9282,0.5446,0.0545,0.3937,705
752,0.99,0.2049,0.9291,0.0779,0.8364,0.1919,706
753,0.3224,0.8778,0.3419,0.9554,0.5119,0.0612,707
754,0.8099,0.8796,0.5277,0.247,0.527,0.5909,708
755,0.2546,0.8706,0.2116,0.8596,0.5616,0.9892,709
756,0.6815,0.2388,0.9956,0.1688,0.1708,0.1668,710
757,0.7602,0.4512,0.9811,0.8539,0.1977,0.0467,711
758,0.5956,0.985,0.6495,0.0132,0.3188,0.7795,712
760,0.4716,0.772,0.8044,0.5118,0.5935,0.2526,713
760,0.4118,0.0272,0.7151,0.7694,0.2101,0.8296,714
761,0.3489,0.0652,0.5932,0.9348,0.1163,0.7039,715
763,0.9295,0.4639,0.0533,0.9092,0.9701,0.9457,716
764,0.8306,0.9092,0.4548,0.8196,0.022,0.4089,717
765,0.965,0.5387,0.6748,0.8882,0.8027,0.662,718
766,0.1243,0.4978,0.6775,0.1992,0.788,0.4649,719
767,0.7309,0.1055,0.3731,0.2842,0.2972,0.6306,720
768,0.9383,0.6568,0.9417,0.289,0.1356,0.4496,721
769,0.1812,0.8221,0.1674,0.3771,0.1456,0.1886,722
770,0.0665,0.3804,0.5004,0.3933,0.6974,0.5079,723
771,0.7411,0.7756,0.6909,0.5446,0.6428,0.5286,724
772,0.5745,0.9645,0.6971,0.1599,0.7827,0.8106,725
773,0.8418,0.2038,0.6486,0.6912,0.9375,0.7355,726
774,0.1398,0.5233,0.2753,0.1676,0.6919,0.6638,727
775,0.7953,0.2871,0.1562,0.3103,0.1559,0.1134,728
776,0.2016,0.7929,0.6359,0.5033,0.2434,0.7206,729
777,0.1637,0.5776,0.5993,0.7964,0.8422,0.5003,730
778,0.1643,0.6346,0.1794,0.7395,0.2093,0.8941,731
779,0.8146,0.7979,0.7051,0.6455,0.0725,0.9199,732
780,0.6652,0.396,0.4552,0.1558,0.7033,0.0552,733
781,0.5231,0.9151,0.6678,0.547,0.4025,0.8206,734
782,0.3588,0.533,0.8374,0.0874,0.92,0.0377,735
783,0.8772,0.158,0.1697,0.3774,0.6503,0.3672,736
784,0.3924,0.6959,0.0191,0.4135,0.0904,0.5423,737
785,0.8166,0.7933,0.7791,0.0398,0.9479,0.1481,738
786,0.4391,0.3168,0.6097,0.274,0.2586,0.7463,739
787,0.3769,0.8572,0.6996,0.9556,0.3372,0.0084,740
788,0.4627,0.9061,0.8382,0.9536,0.4023,0.1686,741
789,0.3014,0.2769,0.8028,0.3523,0.0512,0.5808,742
790,0.7476,0.9835,0.9609,0.0431,0.4965,0.7144,743
791,0.5027,0.1407,0.5359,0.1791,0.1233,0.9166,744
792,0.2322,0.202,0.4885,0.3922,0.401,0.7055,745
793,0.8996,0.1842,0.4019,0.9478,0.3507,0.6718,746
794,0.3839,0.894,0.1537,0.1412,0.7728,0.3943,747
795,0.5436,0.6543,0.5726,0.7635,0.8032,0.0013,748
796,0.9065,0.1521,0.277,0.1087,0.1534,0.1202,749
797,0.6242,0.4403,0.9213,0.9813,0.3666,0.5346,750
798,0.1169,0.6153,0.5832,0.3816,0.3734,0.6751,751
799,0.9398,0.0835,0.5928,0.7752,0.1514,0.4174,752
800,0.6277,0.8824,0.3549,0.3426,0.7985,0.7307,753
801,0.3349,0.8036,0.052,0.6277,0.7072,0.5219,754
802,0.1393,0.5052,0.0317,0.192,0.1904,0.0742,755
803,0.794,0.9671,0.4233,0.146,0.3667,0.192,756
804,0.6201,0.4178,0.0846,0.9381,0.1058,0.84,757
805,0.5335,0.9841,0.6068,0.9176,0.6282,0.7249,758
806,0.8939,0.6679,0.881,0.8875,0.1214,0.8948,759
807,0.7886,0.6347,0.8829,0.6254,0.9859,0.1176,760
808,0.1517,0.166,0.659,0.8083,0.7807,0.9902,761
809,0.3117,0.8819,0.2112,0.069,0.3902,0.2094,762
810,0.2485,0.4275,0.863,0.3348,0.5786,0.0118,763
811,0.7439,0.1622,0.8861,0.3137,0.9113,0.9974,764
812,0.0335,0.0126,0.1967,0.6356,0.5541,0.2811,765
813,0.5699,0.5598,0.7374,0.356,0.1745,0.668,766
814,0.7625,0.5274,0.2865,0.1485,0.3787,0.1767,767
815,0.8768,0.7194,0.8026,0.5965,0.8431,0.5802,768
816,0.3421,0.8903,0.9972,0.8144,0.6442,0.904,769
817,0.8213,0.0794,0.03,0.3821,0.6507,0.3202,770
818,0.1106,0.7315,0.8974,0.1323,0.8668,0.6703,771
819,0.8465,0.1874,0.6226,0.1967,0.894,0.1879,772
820,0.1275,0.8582,0.9734,0.2375,0.9198,0.6248,773
821,0.3973,0.8191,0.465,0.2999,0.0948,0.3365,774
822,0.7973,0.5408,0.8474,0.6428,0.5441,0.2112,775
823,0.1499,0.7102,0.0624,0.6009,0.7405,0.3132,776
824,0.2293,0.3144,0.3353,0.6961,0.7569,0.1788,777
826,0.7223,0.4712,0.067,0.3625,0.6067,0.9019,778
829,0.72,0.8216,0.9753,0.824,0.1668,0.3972,779
830,0.6411,0.4593,0.817,0.2041,0.7974,0.2453,780
834,0.6939,0.3578,0.8525,0.469,0.7201,0.4484,781
835,0.5427,0.4942,0.938,0.8009,0.0861,0.3205,782
841,0.2518,0.8282,0.0851,0.1802,0.4638,0.7444,783
842,0.3457,0.3352,0.3856,0.1099,0.174,0.9712,784
843,0.1816,0.1738,0.071,0.8837,0.3375,0.438,785
844,0.9085,0.712,0.2108,0.3429,0.0181,0.861,786
845,0.5834,0.826,0.2294,0.6839,0.4003,0.5659,787
846,0.4009,0.1006,0.4691,0.0253,0.5499,0.1572,788
847,0.462,0.2399,0.2686,0.69,0.6196,0.6906,789
848,0.9473,0.142,0.101,0.3161,0.6635,0.5134,790
849,0.1534,0.3479,0.1675,0.0557,0.8363,0.6506,791
850,0.5862,0.4504,0.1473,0.6098,0.2155,0.8897,792
851,0.5059,0.7488,0.9731,0.2408,0.1205,0.4404,793
852,0.6115,0.6511,0.7593,0.3868,0.8515,0.9012,794
853,0.0181,0.6209,0.9678,0.0806,0.1566,0.7507,795
854,0.8721,0.3524,0.4397,0.1472,0.9748,0.4886,796
855,0.9321,0.8414,0.2784,0.298,0.8425,0.6032,797
856,0.5651,0.4713,0.7983,0.0898,0.5009,0.3256,798
857,0.6967,0.9791,0.3263,0.9108,0.9814,0.9836,799
858,0.9225,0.6341,0.2994,0.006,0.0974,0.6674,800
859,0.7072,0.1263,0.2325,0.4839,0.3031,0.0438,801
860,0.1525,0.6762,0.1297,0.1232,0.6382,0.3266,802
861,0.5763,0.3251,0.2565,0.3077,0.35,0.6233,803
862,0.6067,0.6863,0.3553,0.9261,0.9284,0.0563,804
863,0.4241,0.0696,0.674,0.1617,0.0656,0.0239,805
864,0.7364,0.1749,0.0626,0.9658,0.5494,0.45,806
865,0.9344,0.8557,0.2105,0.2058,0.5909,0.3327,807
866,0.9256,0.2272,0.809,0.7416,0.6527,0.4383,808
867,0.4508,0.837,0.1469,0.5467,0.2557,0.2627,809
868,0.1132,0.2793,0.3426,0.8845,0.3646,0.1647,810
869,0.9848,0.6429,0.8647,0.554,0.8437,0.6891,811
870,0.8389,0.6942,0.1549,0.5346,0.1949,0.5146,812
871,0.1247,0.5127,0.0827,0.1955,0.8269,0.2002,813
872,0.9208,0.3053,0.4845,0.1662,0.5627,0.3196,814
873,0.8699,0.2126,0.3024,0.9165,0.7622,0.5918,815
874,0.5188,0.0332,0.5634,0.3278,0.7136,0.0722,816
875,0.5913,0.3039,0.8038,0.3721,0.2075,0.1475,817
876,0.399,0.6532,0.1371,0.7598,0.5688,0.0732,818
877,0.0548,0.9383,0.5807,0.3388,0.8677,0.8123,819
878,0.3352,0.8712,0.5055,0.9521,0.4321,0.7524,820
879,0.8029,0.7661,0.1441,0.7379,0.9666,0.7533,821
880,0.0046,0.7884,0.624,0.5974,0.4522,0.7163,822
881,0.3335,0.665,0.2736,0.8809,0.1428,0.6694,823
882,0.3982,0.2603,0.4878,0.0496,0.3894,0.477,824
883,0.5374,0.9072,0.0823,0.2571,0.9517,0.6423,825
884,0.9199,0.6707,0.4596,0.465,0.3197,0.0384,826
885,0.3463,0.5604,0.3065,0.227,0.8681,0.6215,827
886,0.347,0.111,0.8224,0.7439,0.8813,0.7779,828
887,0.7375,0.4471,0.057,0.9192,0.3502,0.5004,829
888,0.4522,0.4604,0.4186,0.4238,0.0833,0.3575,830
889,0.2246,0.8646,0.4584,0.3421,0.7246,0.2774,831
890,0.4524,0.5466,0.725,0.9616,0.3115,0.6428,832
891,0.1409,0.3804,0.5743,0.4449,0.7829,0.6928,833
892,0.1764,0.9768,0.6672,0.489,0.4427,0.871,834
893,0.4984,0.1107,0.777,0.3516,0.4853,0.3423,835
894,0.4189,0.4225,0.8622,0.9095,0.7779,0.7698,836
895,0.9148,0.042,0.3139,0.569,0.3824,0.5614,837
896,0.3624,0.7399,0.538,0.7622,0.4431,0.8828,838
897,0.5806,0.9181,0.8401,0.8118,0.3762,0.5278,839
898,0.6323,0.28,0.9895,0.3418,0.3673,0.5176,840
899,0.0131,0.8583,0.8895,0.4337,0.5259,0.5779,841
900,0.6635,0.2922,0.3715,0.8485,0.8088,0.7493,842
901,0.178,0.9108,0.1952,0.3633,0.3618,0.9647,843
902,0.9611,0.754,0.4894,0.7939,0.5243,0.0736,844
903,0.1487,0.8049,0.7416,0.941,0.6707,0.0534,845
904,0.4146,0.018,0.4926,0.6232,0.2694,0.9376,846
905,0.0853,0.9628,0.4832,0.7416,0.2775,0.5299,847
906,0.9969,0.7267,0.8382,0.8051,0.9334,0.6149,848
907,0.5022,0.3048,0.3614,0.845,0.7235,0.4824,849
908,0.5954,0.8294,0.8598,0.3951,0.5772,0.0937,850
909,0.0671,0.2815,0.4068,0.0513,0.6477,0.7681,851
910,0.75,0.8728,0.3282,0.4019,0.0293,0.7472,852
911,0.2099,0.1126,0.454,0.6738,0.6181,0.3117,853
912,0.8981,0.7037,0.7624,0.4504,0.5095,0.3062,854
913,0.2051,0.5407,0.126,0.749,0.5457,0.8378,855
914,0.1907,0.0965,0.1964,0.357,0.3594,0.0724,856
915,0.0365,0.2419,0.9514,0.6347,0.0815,0.8811,857
916,0.4721,0.0124,0.1755,0.1864,0.1933,0.2567,858
917,0.5648,0.4688,0.5677,0.7494,0.9507,0.593,859
918,0.0657,0.3013,0.5793,0.5457,0.4087,0.936,860
919,0.7755,0.5984,0.4896,0.2041,0.4667,0.6781,861
920,0.4533,0.2972,0.6447,0.2919,0.0527,0.4144,862
921,0.5244,0.2999,0.2298,0.7486,0.0376,0.6895,863
922,0.4408,0.7432,0.5527,0.4826,0.7172,0.344,864
923,0.4008,0.0481,0.3722,0.216,0.5381,0.2773,865
924,0.5596,0.9029,0.6617,0.9673,0.5087,0.9967,866
925,0.1552,0.8523,0.1412,0.7151,0.2431,0.7508,867
926,0.1819,0.6678,0.5709,0.9571,0.7448,0.6447,868
927,0.8618,0.5932,0.1853,0.4271,0.1682,0.3553,869
928,0.9461,0.8923,0.2786,0.4751,0.1899,0.0492,870
928,0.3733,0.1853,0.2187,0.898,0.4607,0.0311,871
929,0.2707,0.079,0.1828,0.525,0.2863,0.5542,872
930,0.644,0.2395,0.8257,0.7073,0.2475,0.762,873
931,0.4087,0.7946,0.2857,0.2522,0.6452,0.5374,874
932,0.0254,0.0347,0.9271,0.4467,0.651,0.8408,875
933,0.1562,0.5828,0.9699,0.1234,0.8245,0.0334,876
934,0.716,0.9954,0.5713,0.206,0.4177,0.3668,877
935,0.6589,0.8557,0.143,0.0009,0.0731,0.2371,878
936,0.0271,0.5214,0.3745,0.0393,0.2737,0.4473,879
937,0.222,0.0636,0.7977,0.9773,0.98,0.0724,880
938,0.2311,0.8314,0.3674,0.2424,0.5963,0.9541,881
939,0.6719,0.599,0.087,0.6633,0.7097,0.2233,882
940,0.0197,0.1149,0.5568,0.8391,0.0074,0.9223,883
941,0.1041,0.0939,0.8451,0.5507,0.5182,0.4259,884
942,0.7999,0.9096,0.7959,0.1531,0.0375,0.9855,885
943,0.1785,0.6692,0.1751,0.7281,0.5692,0.5541,886
944,0.6527,0.8293,0.6728,0.6003,0.9208,0.9308,887
945,0.2382,0.879,0.2205,0.7313,0.9684,0.0053,888
946,0.0994,0.5718,0.2182,0.7697,0.5406,0.7482,889
947,0.2432,0.5174,0.8741,0.9754,0.4582,0.9031,890
948,0.7223,0.4304,0.2497,0.5736,0.945,0.1397,891
949,0.8557,0.3169,0.2632,0.3416,0.6736,0.0961,892
950,0.8302,0.4346,0.0007,0.6485,0.0649,0.4246,893
951,0.3972,0.7739,0.8707,0.0684,0.4657,0.9337,894
952,0.6681,0.6019,0.7926,0.8974,0.2402,0.5424,895
953,0.205,0.8925,0.6273,0.1194,0.4698,0.5275,896
954,0.2931,0.4434,0.7503,0.3278,0.4555,0.1411,897
955,0.8963,0.6071,0.152,0.8157,0.5821,0.0008,898
956,0.013,0.6313,0.4583,0.5973,0.3568,0.8101,899
957,0.0855,0.5917,0.3512,0.3936,0.1643,0.0876,900
958,0.2079,0.7026,0.0938,0.4734,0.5037,0.6338,901
959,0.0265,0.2374,0.4861,0.8545,0.8302,0.9146,902
960,0.1814,0.5124,0.9207,0.34,0.664,0.2087,903
961,0.583,0.1042,0.0401,0.8696,0.3384,0.6653,904
962,0.4214,0.3845,0.2915,0.0881,0.9355,0.0787,905
963,0.8927,0.4877,0.2075,0.7768,0.9122,0.6038,906
964,0.8174,0.6522,0.2381,0.8475,0.2093,0.1639,907
965,0.3418,0.9505,0.9084,0.1818,0.0394,0.736,908
966,0.2594,0.6007,0.4681,0.4303,0.7413,0.3012,909
967,0.3797,0.7436,0.4663,0.1655,0.8276,0.4634,910
968,0.5903,0.5063,0.7606,0.7066,0.9679,0.5994,911
969,0.2681,0.6341,0.1545,0.5353,0.8898,0.1713,912
970,0.6241,0.0709,0.4873,0.6353,0.6005,0.7416,913
971,0.4094,0.2544,0.43,0.1965,0.5301,0.3026,914
972,0.552,0.3619,0.5969,0.2117,0.0278,0.6624,915
973,0.4361,0.4725,0.9996,0.0415,0.2467,0.1583,916
974,0.2945,0.0456,0.7694,0.3221,0.4596,0.6881,917
975,0.9485,0.14,0.3979,0.5597,0.6285,0.1282,918
976,0.7636,0.2768,0.8276,0.8579,0.5573,0.4254,919
977,0.1401,0.9715,0.1707,0.6669,0.7426,0.2472,920
978,0.8685,0.3313,0.0305,0.4354,0.2798,0.7484,921
979,0.4874,0.482,0.2044,0.9531,0.565,0.262,922
980,0.8946,0.1961,0.3404,0.7192,0.0881,0.8817,923
981,0.7999,0.6108,0.5106,0.9302,0.4137,0.8918,924
982,0.4252,0.2807,0.6151,0.5276,0.7502,0.1964,925
983,0.0225,0.207,0.9106,0.2589,0.6934,0.6138,926
984,0.2687,0.5166,0.5099,0.0528,0.9906,0.0877,927
985,0.5416,0.0055,0.5013,0.7261,0.2779,0.3915,928
986,0.6335,0.0077,0.0502,0.1213,0.4982,0.7133,929
987,0.2579,0.2191,0.0349,0.3028,0.3295,0.6594,930
988,0.1394,0.0367,0.5512,0.5325,0.4406,0.6247,931
989,0.8349,0.108,0.4382,0.5644,0.857,0.2825,932
990,0.9844,0.3389,0.8392,0.6006,0.6842,0.378,933
991,0.5257,0.8026,0.1607,0.1663,0.8824,0.1029,934
992,0.1717,0.572,0.025,0.3797,0.2035,0.719,935
1009,0.2723,0.5127,0.449,0.6172,0.8734,0.5039,936
1010,0.0184,0.2935,0.2375,0.9698,0.0598,0.7088,937
1011,0.9143,0.9318,0.0496,0.7276,0.8886,0.2489,938
1012,0.1178,0.397,0.7246,0.9226,0.3291,0.3244,939
1013,0.5765,0.0871,0.1116,0.7622,0.3146,0.3342,940
1014,0.2741,0.6171,0.6083,0.5917,0.5121,0.0257,941
1015,0.5542,0.1138,0.281,0.192,0.9407,0.341,942
1016,0.6514,0.3452,0.1735,0.6667,0.0478,0.8033,943
1017,0.8297,0.5074,0.3798,0.6234,0.3522,0.8973,944
1018,0.2064,0.8742,0.8014,0.6025,0.8566,0.5182,945
1019,0.011,0.4935,0.3921,0.4898,0.3961,0.4555,946
1020,0.1369,0.7023,0.7508,0.5287,0.1992,0.0308,947
1021,0.9,0.9928,0.1255,0.3344,0.4248,0.8792,948
1022,0.8739,0.1315,0.7728,0.5193,0.3856,0.013,949
1023,0.5974,0.2747,0.2369,0.1976,0.9154,0.9448,950
1024,0.6005,0.3946,0.6774,0.8052,0.7619,0.4892,951
1025,0.665,0.4218,0.5658,0.1858,0.5051,0.3419,952
1026,0.1754,0.411,0.9291,0.085,0.9884,0.9242,953
1027,0.9144,0.9076,0.3873,0.4362,0.4653,0.0244,954
1028,0.4188,0.714,0.0662,0.6583,0.0582,0.5814,955
1029,0.3831,0.6079,0.0192,0.4377,0.2623,0.5489,956
1030,0.5189,0.3094,0.8269,0.2768,0.4361,0.2193,957
1031,0.047,0.8238,0.5247,0.5582,0.1569,0.4289,958
1032,0.1663,0.9551,0.7752,0.347,0.9476,0.6523,959
1033,0.738,0.8212,0.2344,0.9329,0.7668,0.7271,960
1034,0.0828,0.0016,0.3451,0.9226,0.2683,0.0007,961
1035,0.6032,0.6364,0.0301,0.5024,0.5908,0.9369,962
1036,0.2453,0.0511,0.9615,0.3279,0.7214,0.1645,963
1037,0.3893,0.2576,0.6679,0.7371,0.9413,0.2336,964
1038,0.2887,0.0595,0.9332,0.0367,0.8816,0.2635,965
1039,0.3557,0.6038,0.2655,0.4748,0.5152,0.0378,966
1040,0.719,0.6866,0.6115,0.3363,0.7747,0.1231,967
1041,0.2971,0.1145,0.6785,0.9205,0.5621,0.9863,968
1042,0.5664,0.3838,0.3175,0.012,0.5527,0.3152,969
1043,0.4761,0.4562,0.8481,0.5528,0.1147,0.1153,970
1044,0.6637,0.3691,0.9472,0.7407,0.1261,0.107,971
1045,0.9368,0.121,0.8849,0.485,0.5295,0.7195,972
1046,0.7326,0.4189,0.7391,0.0854,0.2689,0.8546,973
1047,0.2149,0.7512,0.2775,0.9725,0.021,0.257,974
1048,0.0312,0.071,0.2816,0.518,0.7228,0.0209,975
1049,0.2623,0.0802,0.9634,0.6142,0.0325,0.2231,976
1051,0.5951,0.3548,0.0103,0.2366,0.5953,0.0565,977
1052,0.0514,0.9417,0.716,0.4835,0.5392,0.1034,978
1053,0.4964,0.6686,0.7062,0.4291,0.9688,0.4315,979
1054,0.5968,0.6787,0.6227,0.0749,0.4842,0.2299,980
1055,0.3342,0.3619,0.9901,0.1062,0.0636,0.5159,981
1056,0.7709,0.5937,0.3119,0.8375,0.5517,0.2535,982
1057,0.1066,0.0101,0.34,0.2398,0.8411,0.9405,983
1058,0.0751,0.6361,0.0789,0.195,0.9968,0.9059,984
1059,0.7282,0.9133,0.4428,0.5049,0.4303,0.5668,985
1060,0.4955,0.6126,0.261,0.7687,0.3203,0.3544,986
1061,0.6884,0.8737,0.3434,0.0619,0.9067,0.3811,987
1062,0.4348,0.724,0.8346,0.5768,0.1912,0.4119,988
1063,0.2464,0.1206,0.9355,0.1192,0.6154,0.7276,989
1064,0.8191,0.9025,0.1857,0.0365,0.4057,0.4516,990
1065,0.7994,0.0664,0.3725,0.0527,0.0411,0.8567,991
1066,0.6947,0.534,0.9286,0.8342,0.3473,0.9441,992
1067,0.2721,0.1421,0.0618,0.118,0.2652,0.3359,993
1068,0.5902,0.0117,0.0924,0.0452,0.6861,0.5607,994
1069,0.361,0.422,0.1628,0.4379,0.9488,0.0951,995
1070,0.0916,0.295,0.5952,0.844,0.268,0.2005,996
1071,0.9173,0.486,0.1505,0.2624,0.8115,0.4135,997
1072,0.1368,0.5772,0.9681,0.4217,0.0554,0.2062,998
1073,0.9502,0.0437,0.4467,0.0399,0.5381,0.8766,999
1074,0.446,0.123,0.5015,0.4491,0.0706,0.1583,1000
1075,0.1851,0.5586,0.2467,0.5776,0.934,0.4557,1001
1076,0.5419,0.3432,0.471,0.5709,0.7664,0.6057,1002
1077,0.8729,0.7292,0.6619,0.3324,0.6579,0.6919,1003
1078,0.7322,0.6523,0.7512,0.3155,0.8239,0.3831,1004
1079,0.8066,0.8456,0.7539,0.1066,0.6475,0.8691,1005
1080,0.6588,0.6925,0.5779,0.3668,0.9689,0.5683,1006
1081,0.6923,0.4299,0.9044,0.0995,0.714,0.4395,1007
1082,0.8492,0.673,0.8174,0.7666,0.9247,0.0672,1008
1083,0.2497,0.2754,0.757,0.9663,0.5171,0.4647,1009
1084,0.4894,0.3063,0.0556,0.9701,0.1171,0.8207,1010
1085,0.2212,0.789,0.0069,0.8651,0.5282,0.6145,1011
1086,0.9877,0.4464,0.2124,0.6008,0.1269,0.8322,1012
1087,0.9441,0.7984,0.6635,0.7009,0.5925,0.494,1013
1088,0.0394,0.8224,0.4112,0.2852,0.4825,0.1185,1014
1089,0.7056,0.8576,0.4024,0.6308,0.6226,0.0136,1015
1090,0.9252,0.9166,0.8846,0.4556,0.01,0.3032,1016
1091,0.1806,0.431,0.8956,0.482,0.1948,0.698,1017
1092,0.5679,0.3189,0.9092,0.7578,0.4913,0.7903,1018
1093,0.9155,0.5822,0.3139,0.2819,0.9505,0.2958,1019
1094,0.0339,0.3712,0.6911,0.318,0.3836,0.4957,1020
1095,0.6974,0.6011,0.2716,0.9246,0.4244,0.4211,1021
1096,0.2973,0.7056,0.1906,0.0562,0.7147,0.4105,1022
1097,0.9244,0.6884,0.1846,0.4856,0.6038,0.2313,1023
1099,0.9711,0.3746,0.3421,0.9128,0.2989,0.1364,1024
1100,0.9443,0.1669,0.43,0.6104,0.4108,0.1967,1025
1101,0.4742,0.4305,0.8309,0.5464,0.2177,0.0553,1026
1102,0.862,0.1426,0.1199,0.2497,0.966,0.1981,1027
1103,0.8445,0.8901,0.7349,0.3433,0.1306,0.0092,1028
1104,0.3191,0.3459,0.5315,0.852,0.3718,0.6273,1029
1105,0.8289,0.1545,0.2879,0.5592,0.0258,0.3164,1030
1106,0.037,0.0254,0.4928,0.5147,0.2218,0.9731,1031
1107,0.5963,0.6458,0.2999,0.0996,0.7805,0.1937,1032
1108,0.23,0.6369,0.5961,0.016,0.2012,0.3458,1033
1109,0.1206,0.3406,0.4338,0.9637,0.0801,0.3578,1034
1110,0.077,0.0717,0.1644,0.377,0.4745,0.0085,1035
1111,0.6963,0.4096,0.1166,0.6032,0.01,0.8392,1036
1112,0.3399,0.3112,0.5467,0.0797,0.0848,0.032,1037
1113,0.7248,0.6771,0.9024,0.6831,0.8076,0.9402,1038
1114,0.0654,0.6058,0.344,0.9326,0.7715,0.8921,1039
1115,0.3153,0.3646,0.733,0.5757,0.9151,0.5355,1040
1116,0.5395,0.2179,0.6587,0.1261,0.8545,0.5436,1041
1117,0.7907,0.988,0.9316,0.5817,0.6832,0.6538,1042
1118,0.3188,0.454,0.821,0.7663,0.0523,0.3871,1043
1119,0.6259,0.6883,0.5666,0.4064,0.7828,0.6472,1044
1120,0.886,0.1406,0.657,0.8798,0.8455,0.0448,1045
1121,0.6159,0.4856,0.8984,0.6487,0.7991,0.054,1046
1122,0.233,0.0275,0.3995,0.8992,0.5085,0.4572,1047
1123,0.0244,0.5055,0.3268,0.6235,0.2329,0.5496,1048
1124,0.8701,0.964,0.0108,0.1313,0.8453,0.8878,1049
1125,0.0213,0.3842,0.8266,0.3097,0.7272,0.1047,1050
1126,0.8747,0.039,0.801,0.2018,0.9808,0.8226,1051
1127,0.5289,0.031,0.1045,0.9088,0.1557,0.21,1052
1128,0.9391,0.388,0.5769,0.7604,0.2257,0.3941,1053
1129,0.7988,0.16,0.464,0.6764,0.2118,0.3166,1054
1130,0.9979,0.0234,0.1187,0.301,0.7925,0.4002,1055
1131,0.3507,0.7562,0.9806,0.184,0.1869,0.1505,1056
1132,0.7672,0.4585,0.2147,0.7565,0.0667,0.5036,1057
1133,0.4019,0.2892,0.0672,0.4742,0.9986,0.8016,1058
1134,0.4799,0.9001,0.5948,0.2258,0.0248,0.4415,1059
1135,0.6275,0.1161,0.7389,0.6166,0.8352,0.4906,1060
1136,0.8737,0.9559,0.0324,0.0403,0.3654,0.8488,1061
1137,0.9841,0.314,0.6587,0.3262,0.8416,0.7061,1062
1138,0.7683,0.8884,0.5323,0.4686,0.5546,0.4905,1063
1139,0.4178,0.6029,0.1033,0.148,0.9016,0.2577,1064
1140,0.4214,0.8267,0.1725,0.9847,0.9262,0.8849,1065
1141,0.7376,0.984,0.568,0.2091,0.0091,0.577,1066
1142,0.2388,0.2884,0.2964,0.1304,0.0754,0.2211,1067
1143,0.1105,0.9611,0.9383,0.2035,0.2504,0.2691,1068
1144,0.3546,0.3895,0.8187,0.7691,0.6693,0.8031,1069
1145,0.2872,0.3855,0.9836,0.4255,0.8883,0.0441,1070
1146,0.2963,0.3404,0.2597,0.5654,0.4599,0.9921,1071
1147,0.2336,0.5414,0.9697,0.021,0.607,0.1304,1072
1148,0.0421,0.1541,0.4312,0.0344,0.1885,0.7961,1073
1149,0.0179,0.5537,0.3475,0.4458,0.805,0.3948,1074
1150,0.9877,0.5417,0.0503,0.8167,0.9673,0.4922,1075
1151,0.4278,0.7619,0.0528,0.8852,0.2686,0.8807,1076
1152,0.3843,0.8336,0.692,0.0867,0.4948,0.4129,1077
1153,0.6796,0.4404,0.4579,0.5384,0.0861,0.5375,1078
1154,0.2183,0.3023,0.2265,0.9132,0.5591,0.0493,1079
1155,0.95,0.2593,0.614,0.388,0.5028,0.0023,1080
1157,0.7863,0.1946,0.2529,0.8296,0.1444,0.2448,1081
1158,0.0894,0.0576,0.5776,0.1337,0.4421,0.6806,1082
1160,0.4176,0.3424,0.3592,0.9354,0.3341,0.1213,1083
1171,0.8791,0.2702,0.8236,0.7514,0.5218,0.1138,1084
1177,0.9447,0.9664,0.8207,0.9413,0.5857,0.411,1085
1178,0.4674,0.5577,0.4774,0.6766,0.0085,0.6478,1086
1179,0.6134,0.3473,0.3508,0.3634,0.761,0.7121,1087
1180,0.167,0.5805,0.3626,0.9382,0.713,0.1785,1088
1181,0.9912,0.1392,0.8057,0.2756,0.3663,0.0796,1089
1182,0.2317,0.444,0.3282,0.3322,0.0529,0.9404,1090
1183,0.9427,0.6262,0.2091,0.7008,0.7549,0.2607,1091
1184,0.6496,0.4889,0.0847,0.7653,0.9552,0.8533,1092
1185,0.6077,0.4018,0.4667,0.9294,0.2402,0.8635,1093
1186,0.5127,0.9938,0.4821,0.2048,0.3235,0.7725,1094
1187,0.2307,0.8803,0.8409,0.798,0.1838,0.1688,1095
1188,0.1765,0.6234,0.2212,0.7385,0.5769,0.8218,1096
1189,0.2205,0.5694,0.381,0.0638,0.1548,0.7693,1097
1190,0.1864,0.6207,0.8084,0.3872,0.3562,0.5967,1098
1191,0.7796,0.2013,0.8236,0.2828,0.697,0.3372,1099
1192,0.3501,0.3951,0.3846,0.3045,0.5601,0.2625,1100
1193,0.0578,0.0395,0.4591,0.9829,0.3865,0.1219,1101
1194,0.9691,0.4755,0.3033,0.6428,0.4202,0.5098,1102
1196,0.8838,0.543,0.9326,0.7177,0.5621,0.5853,1103
1197,0.9278,0.2277,0.1186,0.9766,0.0059,0.3593,1104
1198,0.9949,0.964,0.9337,0.3772,0.0785,0.4754,1105
1199,0.1739,0.9095,0.6839,0.8018,0.8813,0.3635,1106
1200,0.3962,0.7221,0.5316,0.4345,0.0779,0.641,1107
1201,0.7582,0.5334,0.0327,0.8695,0.7068,0.9013,1108
1202,0.696,0.87,0.4756,0.1807,0.92,0.1639,1109
1203,0.1539,0.1307,0.4077,0.9477,0.2707,0.3814,1110
1204,0.8158,0.7905,0.1612,0.2188,0.3705,0.1409,1111
1205,0.2244,0.1248,0.6564,0.3262,0.5689,0.6249,1112
1206,0.2238,0.7942,0.9712,0.7562,0.8817,0.7289,1113
1207,0.537,0.2758,0.5622,0.3938,0.9419,0.9319,1114
1208,0.5929,0.8771,0.7148,0.6082,0.7396,0.2789,1115
1209,0.5801,0.944,0.0685,0.4446,0.0866,0.9502,1116
1210,0.0915,0.1488,0.4177,0.7424,0.6692,0.0633,1117
1211,0.8775,0.4627,0.1164,0.2283,0.4103,0.603,1118
1212,0.2656,0.981,0.6128,0.0585,0.4707,0.0571,1119
1213,0.1295,0.4834,0.9385,0.2999,0.0491,0.8938,1120
1214,0.8887,0.8635,0.6618,0.4743,0.1911,0.5298,1121
1215,0.9557,0.5887,0.0768,0.168,0.7905,0.6693,1122
1216,0.8621,0.3753,0.3547,0.3548,0.454,0.8316,1123
1217,0.8095,0.2858,0.5507,0.4,0.3017,0.1503,1124
1219,0.6552,0.2032,0.4032,0.0574,0.384,0.0386,1125
1220,0.5509,0.7618,0.8336,0.5833,0.8544,0.8789,1126
1221,0.087,0.3865,0.8147,0.8843,0.749,0.3149,1127
1222,0.4085,0.5113,0.6118,0.1517,0.2723,0.129,1128
1223,0.3727,0.4923,0.3735,0.5978,0.1175,0.4685,1129
1224,0.2598,0.5773,0.2553,0.6647,0.252,0.5983,1130
1225,0.7234,0.8656,0.1059,0.4193,0.9208,0.031,1131
1226,0.4959,0.9807,0.3549,0.7011,0.5816,0.2749,1132
1227,0.081,0.4076,0.4132,0.4107,0.5335,0.0328,1133
1228,0.2202,0.8275,0.6758,0.5046,0.5964,0.4203,1134
1229,0.6833,0.7645,0.6582,0.0074,0.366,0.8951,1135
1230,0.0761,0.5735,0.0701,0.6917,0.8071,0.9827,1136
1231,0.8512,0.956,0.3953,0.6613,0.5233,0.637,1137
1232,0.4951,0.2005,0.1818,0.0384,0.1167,0.1616,1138
1233,0.4806,0.1093,0.1568,0.3683,0.1291,0.9058,1139
1234,0.5924,0.854,0.8273,0.979,0.5369,0.5162,1140
1235,0.8247,0.4391,0.0419,0.4207,0.9366,0.1537,1141
1236,0.3478,0.847,0.4192,0.5019,0.3084,0.9217,1142
1237,0.678,0.8931,0.1682,0.9099,0.8695,0.7575,1143
1238,0.5657,0.0625,0.8793,0.7173,0.7641,0.7317,1144
1239,0.267,0.8835,0.557,0.5821,0.2478,0.7092,1145
1240,0.8786,0.4483,0.2314,0.7978,0.0363,0.2003,1146
1241,0.7974,0.5104,0.5024,0.8644,0.1018,0.211,1147
1242,0.6585,0.6266,0.7315,0.4569,0.7285,0.6883,1148
1243,0.8506,0.9264,0.9581,0.4751,0.1997,0.2197,1149
1244,0.8673,0.0191,0.2204,0.3861,0.3713,0.4387,1150
1245,0.7084,0.4768,0.8862,0.9667,0.5017,0.782,1151
1246,0.837,0.6877,0.9343,0.6972,0.7255,0.784,1152
1247,0.6975,0.7227,0.9164,0.0832,0.1132,0.4533,1153
1248,0.6801,0.6925,0.6354,0.863,0.4064,0.7922,1154
1249,0.6186,0.1344,0.6298,0.4806,0.4851,0.8386,1155
1250,0.7527,0.2994,0.4032,0.0688,0.5408,0.6548,1156
1251,0.1586,0.3587,0.7524,0.5497,0.8184,0.2284,1157
1252,0.8809,0.8044,0.5313,0.4172,0.1717,0.274,1158
1253,0.8718,0.2788,0.6774,0.8777,0.8078,0.3148,1159
1254,0.0292,0.2107,0.4285,0.204,0.6929,0.1168,1160
1255,0.8258,0.9574,0.7315,0.8265,0.5559,0.2732,1161
1256,0.1289,0.0089,0.8245,0.5577,0.6995,0.2095,1162
1257,0.3351,0.9978,0.1464,0.0546,0.412,0.4553,1163
1258,0.7435,0.6768,0.8329,0.9718,0.1384,0.9084,1164
1259,0.1608,0.8285,0.5403,0.5126,0.6658,0.1045,1165
1260,0.818,0.2946,0.8447,0.2909,0.5247,0.7203,1166
1261,0.8321,0.0143,0.4313,0.4694,0.6394,0.6873,1167
1262,0.5075,0.7379,0.379,0.8579,0.338,0.0958,1168
1264,0.0064,0.8341,0.9151,0.3049,0.9069,0.9226,1169
1265,0.287,0.7405,0.2512,0.1927,0.5874,0.5685,1170
1267,0.6169,0.1429,0.8442,0.1291,0.0854,0.3637,1171
1268,0.9812,0.7534,0.484,0.2979,0.4498,0.7565,1172
1269,0.6318,0.7689,0.5141,0.78,0.7564,0.2574,1173
1270,0.2598,0.6585,0.3085,0.4716,0.7941,0.6935,1174
1271,0.634,0.7661,0.573,0.2275,0.4946,0.0397,1175
1272,0.54,0.8459,0.3252,0.1662,0.8947,0.8394,1176
1273,0.7798,0.6136,0.0393,0.3327,0.2677,0.4482,1177
1274,0.107,0.0886,0.272,0.9399,0.4106,0.6367,1178
1275,0.761,0.4876,0.0064,0.343,0.8986,0.2212,1179
1276,0.5413,0.0776,0.9784,0.9881,0.8963,0.6771,1180
1277,0.963,0.4075,0.9657,0.4852,0.6857,0.7722,1181
1278,0.3419,0.4071,0.3952,0.1792,0.859,0.4732,1182
1279,0.6326,0.066,0.7284,0.8911,0.0888,0.6177,1183
1280,0.932,0.3488,0.3458,0.4604,0.865,0.4563,1184
1281,0.1025,0.111,0.6711,0.7097,0.3206,0.8941,1185
1282,0.9372,0.8082,0.8054,0.9837,0.1783,0.4979,1186
1283,0.6879,0.9477,0.9468,0.0502,0.2394,0.8418,1187
1284,0.0678,0.0723,0.4002,0.0967,0.418,0.8014,1188
1285,0.301,0.9551,0.7833,0.7205,0.2512,0.4105,1189
1286,0.7082,0.5226,0.2659,0.2818,0.3206,0.2301,1190
1287,0.0674,0.2996,0.9903,0.1843,0.135,0.4061,1191
1288,0.5822,0.0769,0.0258,0.0394,0.2962,0.8262,1192
1289,0.3459,0.5006,0.6035,0.0218,0.5723,0.2276,1193
1290,0.6209,0.7945,0.6595,0.7745,0.4419,0.5244,1194
1291,0.0457,0.7071,0.688,0.1344,0.3467,0.8061,1195
1292,0.8715,0.0502,0.1204,0.4677,0.7465,0.3535,1196
1293,0.9735,0.0729,0.9385,0.6059,0.8935,0.6422,1197
1294,0.9689,0.4029,0.1812,0.4284,0.7568,0.2456,1198
1295,0.7497,0.2953,0.6228,0.0271,0.332,0.1093,1199
1296,0.1301,0.2324,0.2227,0.7835,0.7444,0.7944,1200
1297,0.7583,0.281,0.3072,0.0105,0.152,0.099,1201
1298,0.0246,0.8035,0.5465,0.7619,0.1303,0.2714,1202
1299,0.0221,0.9292,0.4172,0.8933,0.3456,0.8551,1203
1300,0.3236,0.4051,0.1602,0.4328,0.8077,0.3465,1204
1301,0.4886,0.9061,0.1709,0.5355,0.2463,0.973,1205
1302,0.7704,0.3215,0.4181,0.477,0.0633,0.9797,1206
1303,0.6833,0.4764,0.7573,0.3892,0.1317,0.2683,1207
1304,0.4459,0.226,0.898,0.8874,0.8587,0.041,1208
1305,0.2736,0.6405,0.0841,0.8939,0.6338,0.7051,1209
1306,0.9971,0.979,0.3931,0.3358,0.2532,0.451,1210
1308,0.4262,0.6035,0.1002,0.6151,0.5553,0.1008,1211
1309,0.4514,0.3578,0.0166,0.9269,0.5276,0.7075,1212
1310,0.1636,0.6478,0.6617,0.9621,0.6554,0.0312,1213
1311,0.7948,0.1229,0.6024,0.509,0.2332,0.8702,1214
1312,0.6937,0.8887,0.163,0.4528,0.8644,0.1387,1215
1313,0.2208,0.5031,0.2338,0.2787,0.3094,0.1273,1216
1314,0.0824,0.4493,0.0237,0.9589,0.6941,0.1757,1217
1316,0.6805,0.5859,0.8349,0.1428,0.0161,0.9603,1218
1318,0.6545,0.6248,0.9747,0.5798,0.3727,0.6932,1219
1319,0.2733,0.0718,0.1355,0.2826,0.3517,0.8014,1220
1320,0.9509,0.6826,0.2315,0.279,0.5435,0.3976,1221
1321,0.1511,0.2419,0.8684,0.405,0.0727,0.3363,1222
1322,0.4323,0.714,0.9265,0.9988,0.7901,0.2345,1223
1323,0.9436,0.8225,0.4196,0.055,0.2178,0.4806,1224
1325,0.4197,0.804,0.0506,0.5785,0.677,0.5518,1225
1326,0.6385,0.5525,0.0394,0.0826,0.8032,0.6318,1226
1328,0.3976,0.5202,0.5739,0.1545,0.5619,0.2571,1227
1339,0.2742,0.1429,0.3929,0.4396,0.7409,0.9487,1228
1342,0.984,0.7753,0.0287,0.5105,0.6619,0.1698,1229
1343,0.4093,0.2714,0.5833,0.2588,0.3555,0.9657,1230
1345,0.8941,0.4967,0.0113,0.3165,0.8089,0.0149,1231
1346,0.23,0.2843,0.7874,0.087,0.2947,0.4811,1232
1347,0.2131,0.1338,0.3064,0.3032,0.5712,0.3334,1233
1348,0.0311,0.6296,0.0403,0.9666,0.7454,0.4491,1234
1349,0.6517,0.0543,0.5884,0.9447,0.379,0.5707,1235
1350,0.3685,0.7486,0.3977,0.3349,0.3028,0.4356,1236
1351,0.8644,0.3176,0.9738,0.5709,0.4593,0.4148,1237
1352,0.4732,0.0001,0.5442,0.9096,0.818,0.7327,1238
1353,0.9682,0.5111,0.2752,0.0062,0.9299,0.6859,1239
1354,0.1855,0.0469,0.7094,0.8107,0.5451,0.8333,1240
1355,0.8686,0.2762,0.2715,0.9484,0.6615,0.25,1241
1356,0.7766,0.707,0.9042,0.0913,0.9033,0.6095,1242
1357,0.7709,0.0627,0.3747,0.1614,0.0985,0.5852,1243
1358,0.8448,0.8393,0.5499,0.9607,0.2321,0.3697,1244
1359,0.761,0.0038,0.0506,0.5375,0.7089,0.4861,1245
1360,0.6262,0.2468,0.4261,0.0142,0.8237,0.3138,1246
1361,0.1312,0.7409,0.8324,0.2576,0.857,0.1418,1247
1362,0.0325,0.3163,0.8056,0.4499,0.4151,0.2138,1248
1364,0.9208,0.1019,0.2243,0.6929,0.0893,0.1055,1249
1365,0.6167,0.3602,0.2261,0.7332,0.4378,0.6831,1250
1366,0.7965,0.2704,0.8173,0.9954,0.2307,0.6607,1251
1367,0.4815,0.8427,0.9304,0.2875,0.2912,0.9506,1252
1368,0.1173,0.3133,0.0954,0.5382,0.7723,0.7297,1253
1369,0.1252,0.7889,0.4501,0.5333,0.0755,0.052,1254
1370,0.6856,0.8919,0.3375,0.4056,0.8276,0.8842,1255
1371,0.4303,0.4338,0.8707,0.1692,0.4277,0.8627,1256
1372,0.2005,0.9099,0.0835,0.9775,0.5961,0.4433,1257
1373,0.4916,0.3773,0.2111,0.8533,0.0897,0.5859,1258
1374,0.0642,0.9641,0.7525,0.4983,0.3374,0.9761,1259
1375,0.582,0.0893,0.0513,0.6032,0.0897,0.5323,1260
1376,0.269,0.687,0.4925,0.2273,0.9615,0.9053,1261
1377,0.7976,0.4938,0.4421,0.5438,0.8073,0.083,1262
1378,0.3104,0.3876,0.3344,0.695,0.4596,0.1911,1263
1379,0.4552,0.6327,0.3946,0.5152,0.2236,0.4408,1264
1380,0.0116,0.7039,0.5299,0.9903,0.9335,0.5848,1265
1381,0.0724,0.0044,0.1614,0.6113,0.3446,0.8162,1266
1382,0.3925,0.167,0.572,0.371,0.161,0.9883,1267
1383,0.4799,0.713,0.8054,0.7722,0.5632,0.3889,1268
1384,0.6,0.6664,0.7602,0.1705,0.9438,0.0474,1269
1385,0.2917,0.966,0.1539,0.3845,0.0038,0.8012,1270
1387,0.695,0.761,0.1492,0.347,0.2381,0.6044,1271
1388,0.8601,0.9508,0.2682,0.4318,0.9384,0.1985,1272
1389,0.7799,0.7025,0.3611,0.7818,0.1711,0.4948,1273
1390,0.0396,0.2981,0.4085,0.4842,0.1132,0.7423,1274
1391,0.4805,0.1054,0.6797,0.794,0.5702,0.7704,1275
1393,0.1049,0.7818,0.0567,0.5765,0.8618,0.4996,1276
1394,0.242,0.6441,0.0347,0.3421,0.4771,0.3052,1277
1395,0.9867,0.0482,0.3919,0.81,0.9946,0.9737,1278
1396,0.1425,0.3601,0.6972,0.2383,0.6792,0.6634,1279
1397,0.4989,0.9568,0.1934,0.2244,0.0741,0.4082,1280
1398,0.6182,0.5004,0.6415,0.5045,0.9928,0.2805,1281
1399,0.7025,0.4327,0.2598,0.2608,0.4079,0.7311,1282
1400,0.5596,0.4577,0.8861,0.0091,0.2874,0.2422,1283
1401,0.0098,0.2089,0.8957,0.6483,0.5579,0.1717,1284
1402,0.3265,0.3687,0.2973,0.5111,0.3043,0.5298,1285
1403,0.5177,0.3698,0.23,0.4455,0.0865,0.29,1286
1404,0.0879,0.0524,0.4113,0.967,0.0014,0.6289,1287
1405,0.3506,0.7676,0.2405,0.5712,0.4496,0.1179,1288
1406,0.0332,0.4165,0.6724,0.8634,0.8369,0.6549,1289
1407,0.0786,0.8222,0.8261,0.1395,0.5723,0.2833,1290
1408,0.3969,0.8503,0.6731,0.5692,0.9992,0.0002,1291
1409,0.1327,0.212,0.8244,0.868,0.2868,0.1269,1292
1410,0.5675,0.6574,0.397,0.5831,0.2805,0.9336,1293
1411,0.6895,0.4723,0.1563,0.718,0.1597,0.8674,1294
1412,0.8006,0.8802,0.738,0.372,0.1641,0.2336,1295
1413,0.2002,0.2157,0.3605,0.0924,0.2852,0.7784,1296
1414,0.1675,0.6778,0.6713,0.4579,0.7928,0.6086,1297
1415,0.1046,0.6078,0.2706,0.3945,0.9058,0.9709,1298
1416,0.6364,0.2953,0.0812,0.8671,0.9751,0.3736,1299
1417,0.7065,0.1366,0.9926,0.244,0.2323,0.6815,1300
1418,0.0316,0.6516,0.1562,0.9667,0.8813,0.0635,1301
1421,0.9362,0.7386,0.9884,0.9581,0.3283,0.3962,1302
1422,0.052,0.3156,0.9773,0.2476,0.1128,0.9638,1303
1423,0.5413,0.6448,0.7938,0.3481,0.87,0.539,1304
1425,0.7091,0.3951,0.6594,0.8956,0.6361,0.2879,1305
1426,0.871,0.7132,0.5778,0.9666,0.1647,0.1203,1306
1427,0.7141,0.1992,0.8661,0.4434,0.4298,0.7035,1307
1428,0.8017,0.8902,0.2894,0.321,0.2873,0.6449,1308
1429,0.3395,0.2874,0.4677,0.5261,0.7368,0.3739,1309
1430,0.8148,0.3678,0.6194,0.6878,0.4534,0.9509,1310
1432,0.0801,0.0581,0.4112,0.2735,0.9893,0.0222,1311
1432,0.8948,0.1115,0.4275,0.7365,0.0547,0.3037,1312
1435,0.5476,0.5159,0.3303,0.0517,0.355,0.9211,1313
1436,0.8173,0.2676,0.5642,0.0493,0.4819,0.3209,1314
1437,0.4523,0.8355,0.8506,0.3863,0.5031,0.2523,1315
1438,0.6436,0.0147,0.2015,0.3535,0.3159,0.5342,1316
1440,0.5264,0.3791,0.9344,0.3156,0.7292,0.8238,1317
1441,0.7316,0.3373,0.6891,0.491,0.8747,0.1031,1318
1442,0.0816,0.0193,0.8233,0.3207,0.9387,0.943,1319
1443,0.0604,0.1244,0.5562,0.1923,0.8051,0.7951,1320
1444,0.2471,0.4136,0.7795,0.3095,0.8506,0.1813,1321
1445,0.1595,0.4929,0.0162,0.9749,0.5505,0.712,1322
1446,0.8718,0.4043,0.8184,0.4111,0.8259,0.385,1323
1447,0.2192,0.5309,0.0401,0.4447,0.3035,0.4023,1324
1448,0.9759,0.5951,0.8899,0.5765,0.3985,0.7833,1325
1449,0.3369,0.0099,0.992,0.9833,0.3169,0.9628,1326
1450,0.1821,0.4641,0.2941,0.2416,0.4674,0.1267,1327
1451,0.7897,0.9635,0.2103,0.6813,0.2856,0.4206,1328
1452,0.6587,0.519,0.7654,0.716,0.9616,0.4809,1329
1453,0.4982,0.6775,0.253,0.6073,0.3128,0.3763,1330
1454,0.5554,0.3119,0.8656,0.0886,0.098,0.3632,1331
1455,0.7192,0.774,0.1028,0.6769,0.5268,0.0523,1332
1456,0.2285,0.7729,0.126,0.0641,0.0571,0.6855,1333
1457,0.9963,0.5213,0.9792,0.5961,0.1105,0.4362,1334
1458,0.9748,0.976,0.6738,0.7396,0.2194,0.1948,1335
1459,0.6503,0.1256,0.8469,0.211,0.4644,0.816,1336
1460,0.1995,0.0169,0.3243,0.8416,0.4333,0.8026,1337
1461,0.6802,0.7702,0.6765,0.0304,0.7997,0.4864,1338
1462,0.0722,0.8072,0.5942,0.8438,0.7395,0.2985,1339
1463,0.0307,0.1202,0.6032,0.4603,0.4263,0.6381,1340
1464,0.2577,0.2656,0.6825,0.2176,0.3337,0.2882,1341
1465,0.4626,0.0176,0.5754,0.1338,0.3165,0.236,1342
1466,0.8683,0.2933,0.4291,0.9533,0.774,0.7305,1343
1467,0.7272,0.7731,0.2759,0.0727,0.0521,0.0403,1344
1468,0.7427,0.518,0.7686,0.1991,0.0128,0.0948,1345
1469,0.4255,0.3481,0.2263,0.3478,0.7955,0.0068,1346
1470,0.3459,0.3717,0.6924,0.6202,0.4771,0.1529,1347
1471,0.371,0.0014,0.2333,0.5448,0.1309,0.069,1348
1472,0.9876,0.2998,0.6253,0.1256,0.2356,0.9958,1349
1473,0.0401,0.6465,0.7471,0.2897,0.9325,0.2888,1350
1474,0.867,0.9742,0.2187,0.2388,0.8595,0.1493,1351
1476,0.5787,0.8471,0.0599,0.2135,0.7098,0.241,1352
1477,0.4386,0.0236,0.131,0.4111,0.4822,0.9361,1353
1478,0.7253,0.8986,0.606,0.704,0.5203,0.5202,1354
1479,0.4867,0.7832,0.8494,0.2175,0.9752,0.3648,1355
1480,0.8734,0.7804,0.045,0.3667,0.9658,0.8734,1356
1481,0.9007,0.458,0.7342,0.3909,0.2153,0.395,1357
1482,0.4217,0.398,0.3413,0.9765,0.8111,0.335,1358
1484,0.2768,0.3029,0.4785,0.9547,0.1972,0.2073,1359
1487,0.5924,0.0657,0.9289,0.8001,0.2135,0.3778,1360
1488,0.9124,0.2282,0.332,0.2417,0.6761,0.3167,1361
1490,0.2107,0.2466,0.4653,0.068,0.405,0.6773,1362
1491,0.623,0.4841,0.0137,0.3169,0.9315,0.2896,1363
1494,0.6316,0.7474,0.0816,0.2668,0.089,0.5772,1364
1496,0.7331,0.4738,0.2586,0.5059,0.5115,0.0659,1365
1507,0.1316,0.0578,0.0279,0.7777,0.9185,0.1913,1366
1510,0.7158,0.9578,0.6314,0.8583,0.9041,0.4074,1367
