SOCIAL_INDEX_ID,COUNTRY_YEAR_ID,LIFE_EXPECTANCY,SOCIAL_SUPPORT,FREEDOM,GENEROSITY,FAMILY
1,1,0.8891,null,0.6417,null,1.3183
2,2,0.8746,null,0.6494,null,1.3606
3,3,0.9414,null,0.6656,null,1.3495
4,4,0.9478,null,0.6288,null,1.4022
5,5,0.8852,null,0.6697,null,1.331
6,6,0.8928,null,0.6158,null,1.2802
7,7,0.9109,null,0.6598,null,1.2891
8,8,0.9084,null,0.6394,null,1.3197
9,9,0.8904,null,0.6243,null,1.297
10,10,0.9189,null,0.6158,null,1.2196
11,11,0.9056,null,0.633,null,1.3226
12,12,0.9316,null,0.6512,null,1.3092
13,13,0.9094,null,0.5962,null,1.2855
14,14,0.9139,null,0.4132,null,1.2239
15,15,0.8603,null,0.6338,null,1.2379
16,16,0.8953,null,0.6178,null,1.3695
17,17,0.8919,null,0.6148,null,1.2994
18,18,0.8618,null,0.546,null,1.2471
19,19,0.8448,null,0.4636,null,1.2064
20,20,0.8967,null,0.5845,null,1.2857
21,21,0.8092,null,0.6416,null,1.1258
22,22,0.8872,null,0.6036,null,1.302
23,23,0.9458,null,0.5501,null,1.2604
24,24,0.8144,null,0.4818,null,0.9145
25,25,0.8753,null,0.3974,null,1.0762
26,26,0.8116,null,0.6036,null,1.2089
27,27,0.7202,null,0.3105,null,1.0839
28,28,0.9556,null,0.4595,null,1.3138
29,29,0.6442,null,0.5773,null,1.0436
30,30,0.9545,null,0.2624,null,1.1978
31,31,1.0252,null,0.5425,null,1.02
32,32,0.697,null,0.4905,null,1.2329
33,33,0.8734,null,0.6086,null,1.2738
34,34,0.6774,null,0.4035,null,1.0251
35,35,0.6313,null,0.2475,null,0.812
36,36,0.7966,null,0.5421,null,1.1985
37,37,0.789,null,0.3175,null,1.27
38,38,0.5977,null,0.6582,null,1.3404
39,39,0.8586,null,0.4413,null,1.1245
40,40,0.7472,null,0.4549,null,1.2162
41,41,0.7313,null,0.2134,null,1.2574
42,42,0.6148,null,0.5588,null,1.1835
43,43,0.779,null,0.5312,null,1.2795
44,44,0.6908,null,0.5347,null,1.2402
45,45,0.9236,null,0.4067,null,0.8932
46,46,0.7431,null,0.5548,null,1.1418
47,47,0.7689,null,0.3507,null,0.8859
48,48,0.7249,null,0.555,null,1.1659
49,49,0.7095,null,0.5607,null,0.9852
50,50,0.6437,null,0.5165,null,1.1224
51,51,0.7736,null,0.4489,null,1.2279
52,52,0.5811,null,0.6254,null,1.0352
53,53,0.759,null,0.3211,null,1.2022
54,54,0.7385,null,0.5566,null,1.265
55,55,0.7872,null,0.4497,null,1.2482
56,56,0.6951,null,0.4015,null,0.9535
57,57,0.7244,null,0.2967,null,1.0956
58,58,0.7907,null,0.4857,null,0.999
59,59,0.8752,null,0.5147,null,1.1394
60,60,0.6874,null,0.5044,null,1.151
61,61,0.9654,null,0.3321,null,0.9577
62,62,0.9911,null,0.4962,null,1.2571
63,63,0.7302,null,0.415,null,0.9746
64,64,0.7484,null,0.2011,null,1.0096
65,65,0.5392,null,0.5741,null,0.9784
66,66,0.5147,null,0.121,null,0.4141
67,67,0.661,null,0.539,null,1.3048
68,68,0.6682,null,0.5767,null,1.172
69,69,0.7908,null,0.0924,null,0.9192
70,70,0.6183,null,0.3282,null,1.0153
71,71,0.5738,null,0.4722,null,0.8556
72,72,0.7252,null,0.1826,null,0.9056
73,73,0.6693,null,0.3668,null,1.2362
74,74,0.6509,null,0.4348,null,1.1511
75,75,0.7361,null,0.3794,null,1.2329
76,76,0.9236,null,0.4903,null,1.0701
77,77,0.8821,null,0.077,null,0.9293
78,78,1.0133,null,0.5961,null,1.0582
79,79,0.788,null,0.2588,null,0.7962
80,80,0.7038,null,0.4167,null,1.1186
81,81,0.6027,null,0.4363,null,1.3006
82,82,0.7239,null,0.5302,null,1.0702
83,83,0.7468,null,0.5944,null,0.9123
84,84,0.6379,null,0.4661,null,1.0871
85,85,0.1519,null,0.4687,null,0.7712
86,86,0.3191,null,0.4845,null,0.3539
87,88,0.0981,null,0.226,null,1.0012
88,88,0.3105,null,0.4147,null,0.6629
89,89,0.6404,null,0.3703,null,0.9379
90,90,0.7355,null,0.3346,null,1.0023
91,91,0.4013,null,0.4234,null,0.6795
92,92,0.5687,null,0.3828,null,0.8645
93,93,0.7317,null,0.2282,null,0.9463
94,94,0.8166,null,0.517,null,0.9468
95,95,0.5389,null,0.4761,null,1.2267
96,96,0.7665,null,0.3059,null,1.1061
97,97,0.6095,null,0.4169,null,0.641
98,98,0.234,null,0.4931,null,0.8877
99,99,0.7205,null,0.4291,null,1.256
100,100,0.6177,null,0.2858,null,1.0777
101,101,0.4354,null,0.3677,null,0.9762
102,102,0.2401,null,0.3772,null,0.4648
103,103,0.2971,null,0.4769,null,0.7726
104,104,0.5491,null,0.5959,null,0.738
105,105,0.8132,null,0.3573,null,0.8043
106,106,0.6111,null,0.6625,null,0.6274
107,107,0.6016,null,0.4082,null,0.4311
108,108,0.4337,null,0.3191,null,0.9053
109,109,0.2769,null,0.3321,null,1.1847
110,110,0.6024,null,0.0,null,0.8189
111,111,0.8395,null,0.3392,null,0.8
112,112,0.2712,null,0.3949,null,0.8519
113,114,0.2058,null,0.3886,null,1.0353
114,115,0.1601,null,0.3433,null,0.9043
115,116,0.7299,null,0.1985,null,0.7771
116,117,0.7293,null,0.4058,null,0.3856
117,118,0.698,null,0.3003,null,0.5445
118,119,0.6964,null,0.4066,null,1.0539
119,120,0.0913,null,0.3404,null,1.0263
120,121,0.4144,null,0.4222,null,0.9988
121,123,0.6739,null,0.2512,null,1.2028
122,124,0.342,null,0.2853,null,0.7897
123,125,0.6602,null,0.245,null,0.9256
124,126,0.3386,null,0.4573,null,1.133
125,127,0.1501,null,0.235,null,0.7606
126,128,0.7379,null,0.2627,null,0.6043
127,129,0.3587,null,0.2423,null,0.8691
128,130,0.7081,null,0.5373,null,1.019
129,131,0.0757,null,0.3066,null,1.0728
130,132,0.4825,null,0.4402,null,0.709
131,133,0.3631,null,0.2292,null,0.7927
132,134,0.2844,null,0.3645,null,0.14
133,135,0.4406,null,0.4345,null,0.6041
134,136,0.4672,null,0.1918,null,0.668
135,137,0.6171,null,0.1729,null,0.747
136,138,0.0,null,0.4084,null,0.9557
137,139,0.224,null,0.1185,null,0.4159
138,140,0.2992,null,0.4883,null,0.9161
139,141,0.3885,null,0.2442,null,0.743
140,142,0.0761,null,0.3177,null,1.041
141,143,0.5153,null,0.3979,null,0.3817
142,144,0.2256,null,0.4305,null,0.4113
143,145,0.4006,null,0.3557,null,0.6809
144,146,0.0478,null,0.495,null,1.1046
145,147,0.3822,null,0.3288,null,1.0027
146,148,0.067,null,0.4888,null,0.0
147,149,0.4286,null,0.592,null,0.7737
148,150,0.3348,null,0.2586,null,1.0328
149,152,0.3034,null,0.2341,null,0.3028
150,154,0.7973,null,0.6404,null,1.0786
151,155,0.6082,null,0.5966,null,0.972
152,158,0.5741,null,0.5321,null,1.104
153,159,0.4387,null,0.4658,null,0.9515
154,160,0.3688,null,0.1008,null,1.014
155,161,0.1668,null,0.1038,null,0.8604
156,162,0.7219,null,0.1568,null,0.4749
157,164,0.7628,null,0.6327,null,1.0818
158,165,0.3629,null,0.4607,null,0.5921
159,169,0.8109,null,0.571,null,1.1346
160,170,0.795,null,0.5794,null,1.1637
161,171,0.863,null,0.5856,null,1.1452
162,172,0.8673,null,0.5662,null,1.1833
163,173,0.7958,null,0.5961,null,1.1269
164,174,0.8123,null,0.5521,null,1.0291
165,175,0.8312,null,0.5822,null,1.0876
166,176,0.831,null,0.5815,null,1.1728
167,177,0.8056,null,0.5436,null,1.0838
168,178,0.8454,null,0.5487,null,1.04
169,179,0.8276,null,0.5737,null,1.0961
170,180,0.8512,null,0.5684,null,1.1048
171,181,0.8099,null,0.5004,null,1.0867
172,182,0.8492,null,0.3643,null,0.9954
173,183,0.7615,null,0.5522,null,1.0215
174,184,0.8146,null,0.5401,null,1.1616
175,185,0.8149,null,0.5347,null,1.0977
176,186,0.779,null,0.4816,null,1.0478
177,187,0.7638,null,0.4142,null,1.0079
178,188,0.8196,null,0.5135,null,1.0525
179,189,0.7299,null,0.5622,null,0.8711
180,190,0.8032,null,0.5499,null,1.0988
181,191,0.838,null,0.4656,null,1.0051
182,192,0.7114,null,0.3771,null,0.7146
183,193,0.7956,null,0.3238,null,0.9262
184,194,0.7218,null,0.5439,null,1.0314
185,195,0.5927,null,0.379,null,0.8483
186,196,0.879,null,0.3754,null,1.1294
187,197,0.5404,null,0.5038,null,0.8712
188,198,0.851,null,0.1883,null,1.0417
189,199,0.9472,null,0.4877,null,0.8676
190,200,0.6142,null,0.4042,null,1.0394
191,201,0.7915,null,0.5316,null,1.0561
192,202,0.596,null,0.3727,null,0.8098
193,203,0.54,null,0.144,null,0.6606
194,204,0.7084,null,0.4893,null,0.9891
195,205,0.7037,null,0.2339,null,1.0827
196,206,0.5016,null,0.6085,null,1.1681
197,207,0.8188,null,0.3779,null,0.9059
198,208,0.657,null,0.4738,null,0.944
199,209,0.6467,null,0.1893,null,1.0641
200,210,0.5261,null,0.4845,null,0.9857
201,211,0.6906,null,0.4519,null,1.0468
202,212,0.5966,null,0.4474,null,1.0217
203,213,0.8488,null,0.2951,null,0.707
204,214,0.6521,null,0.4658,null,0.8952
205,215,0.676,null,0.3671,null,0.728
206,216,0.6357,null,0.4317,null,0.8776
207,217,0.6619,null,0.4614,null,0.757
208,218,0.5739,null,0.4052,null,0.9554
209,219,0.681,null,0.4151,null,1.0516
210,220,0.4704,null,0.5485,null,0.8788
211,221,0.6761,null,0.1977,null,0.9316
212,222,0.6492,null,0.4955,null,1.0448
213,223,0.6971,null,0.4228,null,1.0661
214,224,0.5838,null,0.2676,null,0.756
215,225,0.6395,null,0.28,null,0.9502
216,226,0.6861,null,0.4027,null,0.8597
217,227,0.7936,null,0.4473,null,0.9437
218,228,0.5947,null,0.436,null,0.9637
219,229,0.8864,null,0.2517,null,0.7219
220,230,0.9149,null,0.4676,null,1.0605
221,231,0.6299,null,0.375,null,0.8126
222,232,0.6458,null,0.1572,null,0.8133
223,233,0.4697,null,0.5096,null,0.8378
224,234,0.4031,null,0.1462,null,0.2614
225,235,0.583,null,0.4624,null,1.1111
226,236,0.5767,null,0.5226,null,0.995
227,237,0.7077,null,0.0951,null,0.6437
228,238,0.5231,null,0.252,null,0.8313
229,239,0.5312,null,0.4341,null,0.756
230,240,0.6353,null,0.1511,null,0.7417
231,241,0.5899,null,0.3268,null,1.0526
232,242,0.5545,null,0.4021,null,0.9543
233,243,0.631,null,0.2909,null,1.0499
234,244,0.8414,null,0.436,null,0.8183
235,245,0.8003,null,0.0582,null,0.7547
236,246,0.9528,null,0.4808,null,0.8702
237,247,0.7052,null,0.2391,null,0.6081
238,248,0.523,null,0.4067,null,0.9508
239,249,0.5547,null,0.3597,null,1.0898
240,250,0.6237,null,0.3903,null,0.8802
241,251,0.6616,null,0.5595,null,0.7912
242,252,0.4937,null,0.3924,null,0.8762
243,253,0.0448,null,0.4066,null,0.5758
244,254,0.2103,null,0.3975,null,0.1042
245,256,0.188,null,0.156,null,0.8068
246,256,0.2821,null,0.3794,null,0.478
247,257,0.545,null,0.3533,null,0.7604
248,258,0.6474,null,0.2767,null,0.7824
249,259,0.2968,null,0.4097,null,0.4935
250,260,0.5007,null,0.3701,null,0.697
251,261,0.6472,null,0.2389,null,0.8772
252,262,0.7356,null,0.4401,null,0.7938
253,263,0.4401,null,0.3741,null,1.0382
254,264,0.6781,null,0.2122,null,0.9254
255,265,0.5947,null,0.2565,null,0.386
256,266,0.127,null,0.4274,null,0.6254
257,267,0.619,null,0.1985,null,1.033
258,268,0.618,null,0.2101,null,0.8331
259,269,0.4046,null,0.3106,null,0.7742
260,270,0.1883,null,0.3095,null,0.3109
261,271,0.2616,null,0.3804,null,0.6053
262,272,0.3829,null,0.5217,null,0.5497
263,273,0.7301,null,0.3187,null,0.5016
264,274,0.4249,null,0.5885,null,0.5375
265,275,0.5299,null,0.3978,null,0.2475
266,276,0.3494,null,0.281,null,0.7237
267,277,0.1861,null,0.4248,null,0.9605
268,278,0.5108,null,0.2486,null,0.592
269,279,0.7617,null,0.2623,null,0.6418
270,280,0.213,null,0.3337,null,0.6305
271,282,0.1635,null,0.2754,null,0.8633
272,283,0.0511,null,0.2785,null,0.645
273,284,0.6408,null,0.1404,null,0.6248
274,285,0.6404,null,0.3246,null,0.1925
275,286,0.6423,null,0.2254,null,0.3886
276,287,0.6071,null,0.3602,null,0.8622
277,289,0.3015,null,0.4058,null,0.7624
278,290,0.3474,null,0.4861,null,0.7036
279,291,0.5863,null,0.1286,null,1.0141
280,292,0.2316,null,0.2575,null,0.5035
281,293,0.5684,null,0.1774,null,0.7163
282,294,0.1962,null,0.4365,null,0.9098
283,295,0.0382,null,0.1281,null,0.6318
284,296,0.5958,null,0.2355,null,0.4316
285,297,0.2864,null,0.1268,null,0.8414
286,298,0.6201,null,0.5082,null,0.8478
287,300,0.3988,null,0.4269,null,0.6998
288,301,0.2998,null,0.1541,null,0.6032
289,302,0.2481,null,0.3468,null,0.0
290,303,0.3458,null,0.367,null,0.3793
291,304,0.3711,null,0.1368,null,0.4612
292,305,0.5212,null,0.1885,null,0.4981
293,306,0.0,null,0.3068,null,0.628
294,307,0.1575,null,0.0432,null,0.2344
295,308,0.2357,null,0.4266,null,0.6376
296,309,0.2749,null,0.1207,null,0.2956
297,311,0.4509,null,0.4028,null,0.2925
298,312,0.2936,null,0.4143,null,0.147
299,313,0.3105,null,0.2287,null,0.4749
300,314,0.3475,null,0.4409,null,0.8919
301,315,0.357,null,0.3176,null,0.7762
302,317,0.3186,null,0.5432,null,0.6159
303,318,0.1595,null,0.2543,null,0.7148
304,319,0.1578,null,0.1966,null,0.1852
305,320,0.1734,null,0.1643,null,0.1104
306,321,0.7776,null,0.4682,null,1.0811
307,322,0.7172,null,0.5668,null,0.8796
308,323,0.5093,null,0.5223,null,0.7787
309,324,0.4557,null,0.5123,null,0.6866
310,325,0.1147,null,0.5678,null,0.3361
311,326,0.4976,null,0.4607,null,0.9084
312,327,0.3311,null,0.3913,null,0.7586
313,328,0.2976,null,0.0,null,0.8193
314,329,0.0499,null,0.0059,null,0.6637
315,330,0.6299,null,0.0691,null,0.1487
316,337,0.8092,null,0.618,0.2455,1.5402
317,338,0.7926,null,0.626,0.3553,1.5511
318,339,0.8581,null,0.6201,0.2905,1.5169
319,340,0.8336,null,0.6272,0.4755,1.6106
320,341,0.7967,null,0.6354,0.362,1.5335
321,342,0.8107,null,0.5854,0.4705,1.4289
322,343,0.8309,null,0.6129,0.3854,1.4782
323,344,0.8168,null,0.6141,0.5,1.5482
324,345,0.8153,null,0.5678,0.3165,1.4599
325,346,0.8451,null,0.5966,0.2832,1.4576
326,347,0.8346,null,0.6111,0.4355,1.4813
327,348,0.8439,null,0.6016,0.4777,1.51
328,349,0.8053,null,0.5082,0.4928,1.4965
329,350,0.8384,null,0.406,0.3301,1.3763
330,351,0.7595,null,0.5801,0.2146,1.4164
331,352,0.8098,null,0.5731,0.4279,1.5582
332,353,0.799,null,0.5625,0.3363,1.4725
333,354,0.7743,null,0.5057,0.3926,1.4199
334,355,0.7544,null,0.4909,0.0881,1.4339
335,356,0.8181,null,0.5398,0.2315,1.4623
336,357,0.7268,null,0.6083,0.3609,1.2664
337,358,0.8219,null,0.5888,0.5747,1.4884
338,359,0.8445,null,0.4702,0.1298,1.3878
339,360,0.71,null,0.4127,0.121,1.2109
340,361,0.794,null,0.3615,0.2584,1.3846
341,362,0.7192,null,0.5794,0.1751,1.4122
342,363,0.5901,null,0.4498,0.1476,1.2867
343,364,0.889,null,0.4088,0.1901,1.5321
344,365,0.5402,null,0.5313,0.2835,1.2556
345,366,0.8531,null,0.2565,0.1728,1.4449
346,367,0.9495,null,0.5498,0.346,1.3538
347,368,0.6166,null,0.4375,0.1623,1.4313
348,369,0.7908,null,0.5726,0.2426,1.4525
349,370,0.596,null,0.4325,0.0783,1.1821
350,371,0.5415,null,0.2603,0.3199,1.1379
351,372,0.7062,null,0.55,0.2106,1.3732
352,373,0.7127,null,0.2958,0.1365,1.5051
353,374,0.4983,null,0.6582,0.416,1.549
354,375,0.8195,null,0.3769,0.3267,1.284
355,376,0.6531,null,0.5367,0.1727,1.3231
356,377,0.6289,null,0.2342,0.0102,1.4735
357,378,0.52,null,0.5186,0.3253,1.3802
358,379,0.6995,null,0.5203,0.1585,1.4457
359,380,0.595,null,0.4775,0.149,1.4022
360,381,0.8447,null,0.3551,0.2713,1.1314
361,382,0.6531,null,0.4476,0.3017,1.2872
362,383,0.6852,null,0.457,0.1335,1.1501
363,384,0.6321,null,0.4963,0.2283,1.2597
364,385,0.638,null,0.4912,0.3609,1.2096
365,386,0.606,null,0.4375,0.202,1.3844
366,387,0.6952,null,0.4791,0.0989,1.4767
367,388,0.468,null,0.5852,0.1935,1.2539
368,389,0.6878,null,0.1759,0.0784,1.3431
369,390,0.6472,null,0.5802,0.5721,1.4258
370,391,0.6951,null,0.4945,0.1095,1.4405
371,392,0.5826,null,0.3481,0.2362,1.1439
372,393,0.6386,null,0.3257,0.1531,1.4047
373,394,0.6856,null,0.4552,0.1501,1.2862
374,395,0.7958,null,0.4985,0.0951,1.367
375,396,0.641,null,0.4743,0.2338,1.3682
376,397,0.9002,null,0.2579,0.2067,1.1283
377,398,0.9135,null,0.5056,0.1206,1.4363
378,399,0.6302,null,0.45,0.1268,1.2188
379,400,0.6508,null,0.2087,0.2201,1.2582
380,401,0.4736,null,0.5587,0.2256,1.2276
381,402,0.402,null,0.2352,0.3154,0.6727
382,403,0.5793,null,0.4735,0.2242,1.5073
383,404,0.5749,null,0.5526,0.187,1.4024
384,405,0.7052,null,0.2044,0.3289,1.0693
385,406,0.5895,null,0.2407,0.2088,1.2518
386,407,0.5292,null,0.4716,0.249,1.2715
387,408,0.6675,null,0.195,0.1979,1.2384
388,409,0.5473,null,0.3738,0.0523,1.4693
389,410,0.5535,null,0.4549,0.4286,1.3942
390,411,0.6377,null,0.2954,0.1551,1.4449
391,412,0.8346,null,0.4712,0.2668,1.1863
392,413,0.8102,null,0.0957,0.0,1.2394
393,414,0.9431,null,0.491,0.3745,1.2628
394,415,0.7013,null,0.2558,0.248,0.968
395,416,0.5202,null,0.4657,0.1521,1.3576
396,417,0.5578,null,0.3941,0.3385,1.493
397,418,0.6188,null,0.4023,0.4166,1.2846
398,419,0.6522,null,0.5711,0.235,1.2775
399,420,0.4923,null,0.4433,0.6117,1.2744
400,421,0.0486,null,0.4477,0.2012,0.9048
401,422,0.2099,null,0.426,0.2079,0.4353
402,424,0.29,null,0.435,0.1209,0.832
403,424,0.1914,null,0.236,0.2465,1.229
404,425,0.5408,null,0.3982,0.0453,1.1524
405,426,0.6449,null,0.3259,0.2538,1.2079
406,427,0.2956,null,0.423,0.2569,0.8737
407,428,0.5041,null,0.4403,0.3941,1.1793
408,429,0.6376,null,0.3007,0.0467,1.3378
409,430,0.7414,null,0.4728,0.0288,1.1608
410,431,0.4377,null,0.4183,0.2499,1.4931
411,432,0.7082,null,0.2892,0.1132,1.4344
412,433,0.5977,null,0.4082,0.0322,0.7749
413,434,0.1329,null,0.4304,0.2363,0.946
414,435,0.6171,null,0.154,0.065,1.4313
415,436,0.6176,null,0.2333,0.0694,1.1462
416,437,0.4094,null,0.3779,0.1835,1.1797
417,438,0.1941,null,0.3486,0.2648,0.7912
418,439,0.2685,null,0.3637,0.2287,0.993
419,441,0.7312,null,0.3815,0.2013,0.8037
420,442,0.4298,null,0.6334,0.3859,1.0062
421,443,0.5332,null,0.4784,0.1723,0.7351
422,444,0.3566,null,0.3123,0.0438,1.1556
423,445,0.1871,null,0.4792,0.1394,1.3848
424,446,0.5012,null,0.2886,0.1996,0.9786
425,447,0.7351,null,0.2885,0.2645,1.1296
426,448,0.2158,null,0.3244,0.2509,1.0433
427,450,0.1694,null,0.3066,0.1834,1.2815
428,451,0.0569,null,0.395,0.2309,1.2158
429,452,0.6375,null,0.1983,0.0835,1.0075
430,453,0.6495,null,0.3094,0.054,0.5706
431,454,0.6393,null,0.2493,0.3872,0.7116
432,455,0.6046,null,0.4184,0.1722,1.2391
433,456,0.1067,null,0.4808,0.3222,0.8707
434,457,0.31,null,0.4528,0.4449,1.068
435,458,0.3386,null,0.5203,0.0771,1.0985
436,459,0.5759,null,0.123,0.2701,1.3945
437,460,0.2299,null,0.3329,0.2665,0.8721
438,461,0.5657,null,0.2547,0.1142,1.1556
439,462,0.2176,null,0.4432,0.3258,1.1298
440,463,0.0411,null,0.1623,0.2161,0.9539
441,464,0.6132,null,0.2897,0.0497,0.8684
442,465,0.2853,null,0.0961,0.2019,1.272
443,466,0.6251,null,0.5612,0.4909,1.26
444,468,0.3975,null,0.5145,0.8381,1.1232
445,470,0.2471,null,0.3804,0.1969,0.4319
446,471,0.3534,null,0.4088,0.3127,0.8647
447,472,0.3752,null,0.1892,0.2087,0.913
448,473,0.5202,null,0.2821,0.1286,0.9975
449,474,0.0056,null,0.3187,0.293,0.9841
450,475,0.1516,null,0.0599,0.2044,0.6298
451,476,0.2578,null,0.4616,0.2496,1.0032
452,477,0.2773,null,0.0304,0.4892,0.6404
453,478,0.0,null,0.3907,0.1575,1.1901
454,479,0.4554,null,0.47,0.2315,0.7544
455,480,0.3151,null,0.4669,0.2872,0.5126
456,481,0.3101,null,0.2495,0.1041,0.9354
457,482,0.3418,null,0.5052,0.0993,1.2216
458,483,0.3645,null,0.39,0.3543,1.042
459,484,0.0188,null,0.2708,0.2809,0.0
460,485,0.3264,null,0.5818,0.2528,0.9457
461,486,0.1968,null,0.3364,0.1891,1.0831
462,487,0.1635,null,0.1471,0.2857,0.6013
463,488,0.1807,null,0.1062,0.3119,0.5815
464,490,0.7101,null,0.6041,0.3305,1.2743
465,492,0.4502,null,0.5475,0.24,1.0814
466,493,0.114,null,0.6021,0.2916,0.7212
467,494,0.4959,null,0.5015,0.4741,1.3401
468,496,0.2909,null,0.015,0.1823,1.214
469,497,0.0499,null,0.0,0.0979,1.1044
470,498,0.5005,null,0.0815,0.4937,0.3961
471,505,0.874,1.592,0.681,0.202,null
472,506,0.868,1.59,0.683,0.284,null
473,507,0.927,1.549,0.66,0.256,null
474,508,0.914,1.644,0.677,0.353,null
475,509,0.861,1.582,0.686,0.286,null
476,510,0.878,1.488,0.638,0.333,null
477,511,0.913,1.501,0.659,0.285,null
478,512,0.876,1.601,0.669,0.365,null
479,513,0.891,1.504,0.617,0.242,null
480,514,0.896,1.52,0.632,0.196,null
481,515,0.896,1.532,0.653,0.321,null
482,516,0.91,1.573,0.647,0.361,null
483,517,0.888,1.433,0.464,0.262,null
484,518,0.883,1.559,0.533,0.354,null
485,519,0.817,1.459,0.632,0.143,null
486,520,0.876,1.583,0.614,0.307,null
487,521,0.861,1.474,0.586,0.273,null
488,522,0.819,1.471,0.547,0.291,null
489,523,0.854,1.489,0.543,0.064,null
490,524,0.894,1.483,0.583,0.188,null
491,525,0.67,0.776,0.284,0.186,null
492,526,0.884,1.525,0.645,0.376,null
493,527,0.908,1.466,0.52,0.098,null
494,528,0.761,1.252,0.479,0.069,null
495,529,0.857,1.436,0.418,0.151,null
496,530,0.771,1.459,0.625,0.13,null
497,531,0.633,1.331,0.509,0.098,null
498,532,0.965,1.538,0.449,0.142,null
499,533,0.608,1.268,0.604,0.179,null
500,534,0.946,1.501,0.281,0.137,null
501,535,1.008,1.451,0.631,0.261,null
502,536,0.675,1.474,0.493,0.11,null
503,537,0.856,1.506,0.633,0.16,null
504,538,0.639,1.231,0.461,0.065,null
505,539,0.578,1.23,0.448,0.274,null
506,540,0.759,1.438,0.597,0.125,null
507,541,0.776,1.537,0.354,0.118,null
508,542,0.605,1.584,0.724,0.328,null
509,543,0.808,1.331,0.431,0.197,null
510,544,0.698,1.366,0.594,0.243,null
511,545,0.716,1.527,0.35,0.026,null
512,546,0.564,1.492,0.575,0.171,null
513,547,0.781,1.448,0.546,0.108,null
514,548,0.635,1.439,0.531,0.099,null
515,549,0.909,1.191,0.423,0.202,null
516,550,0.7,1.319,0.527,0.208,null
517,551,0.726,1.219,0.528,0.088,null
518,552,0.675,1.301,0.554,0.167,null
519,553,0.684,1.387,0.584,0.245,null
520,554,0.631,1.516,0.454,0.148,null
521,555,0.737,1.532,0.553,0.086,null
522,556,0.513,1.312,0.643,0.12,null
523,557,0.732,1.401,0.259,0.061,null
524,558,0.707,1.417,0.637,0.364,null
525,559,0.744,1.468,0.57,0.062,null
526,560,0.622,1.205,0.459,0.197,null
527,561,0.671,1.454,0.363,0.092,null
528,562,0.736,1.33,0.556,0.114,null
529,563,0.884,1.429,0.562,0.055,null
530,564,0.693,1.493,0.575,0.096,null
531,565,0.955,1.204,0.244,0.175,null
532,566,0.988,1.462,0.553,0.079,null
533,567,0.674,1.249,0.53,0.092,null
534,568,0.685,1.369,0.288,0.134,null
535,569,0.508,1.223,0.606,0.141,null
536,570,0.424,0.81,0.334,0.216,null
537,571,0.615,1.522,0.541,0.162,null
538,572,0.614,1.441,0.578,0.12,null
539,573,0.758,1.078,0.28,0.216,null
540,574,0.62,1.301,0.232,0.171,null
541,575,0.598,1.166,0.292,0.187,null
542,576,0.729,1.279,0.259,0.111,null
543,577,0.599,1.479,0.399,0.065,null
544,578,0.594,1.416,0.54,0.281,null
545,579,0.7,1.498,0.307,0.101,null
546,580,0.909,1.211,0.495,0.179,null
547,581,0.879,1.202,0.131,0.0,null
548,582,1.03,1.29,0.524,0.246,null
549,583,0.737,1.161,0.38,0.12,null
550,584,0.553,1.35,0.496,0.116,null
551,585,0.575,1.517,0.395,0.253,null
552,586,0.669,1.258,0.356,0.311,null
553,587,0.702,1.365,0.618,0.177,null
554,588,0.522,1.215,0.538,0.484,null
555,589,0.08,0.872,0.467,0.146,null
556,590,0.24,0.372,0.44,0.163,null
557,592,0.343,0.811,0.514,0.091,null
558,592,0.204,1.136,0.312,0.197,null
559,593,0.603,1.161,0.43,0.031,null
560,594,0.691,1.239,0.394,0.173,null
561,595,0.337,0.896,0.499,0.212,null
562,596,0.539,1.228,0.526,0.302,null
563,597,0.686,1.38,0.324,0.106,null
564,598,0.799,1.142,0.597,0.029,null
565,599,0.517,1.533,0.417,0.199,null
566,600,0.712,1.515,0.359,0.064,null
567,601,0.669,0.797,0.46,0.026,null
568,602,0.182,0.891,0.454,0.183,null
569,603,0.657,1.469,0.133,0.056,null
570,604,0.687,1.154,0.077,0.055,null
571,605,0.433,1.117,0.406,0.138,null
572,606,0.211,0.792,0.394,0.185,null
573,607,0.221,0.867,0.39,0.175,null
574,608,0.441,1.034,0.626,0.23,null
575,609,0.79,0.817,0.419,0.149,null
576,610,0.457,1.088,0.696,0.256,null
577,611,0.579,0.85,0.58,0.153,null
578,612,0.404,1.164,0.356,0.032,null
579,613,0.33,1.41,0.516,0.103,null
580,614,0.536,0.971,0.304,0.148,null
581,615,0.785,1.179,0.503,0.214,null
582,616,0.254,1.097,0.312,0.175,null
583,618,0.152,1.233,0.367,0.139,null
584,619,0.048,1.172,0.462,0.201,null
585,620,0.666,0.99,0.26,0.077,null
586,621,0.643,0.592,0.375,0.038,null
587,622,0.691,0.771,0.459,0.282,null
588,623,0.645,1.265,0.468,0.13,null
589,624,0.173,0.902,0.531,0.206,null
590,625,0.454,1.048,0.504,0.352,null
591,626,0.365,1.281,0.519,0.051,null
592,627,0.609,1.413,0.163,0.187,null
593,628,0.267,0.858,0.419,0.206,null
594,629,0.602,1.217,0.266,0.086,null
595,630,0.237,1.09,0.45,0.259,null
596,631,0.053,0.907,0.189,0.181,null
597,632,0.69,0.906,0.271,0.04,null
598,633,0.292,1.245,0.129,0.134,null
599,634,0.672,1.314,0.585,0.307,null
600,636,0.429,1.174,0.58,0.598,null
601,638,0.253,0.474,0.434,0.158,null
602,639,0.391,0.95,0.452,0.22,null
603,640,0.402,0.908,0.221,0.155,null
604,641,0.553,1.025,0.312,0.092,null
605,642,0.0,0.813,0.355,0.238,null
606,643,0.145,0.627,0.065,0.149,null
607,644,0.295,1.047,0.503,0.221,null
608,645,0.289,0.714,0.025,0.392,null
609,646,0.079,1.215,0.423,0.116,null
610,647,0.485,0.747,0.539,0.172,null
611,648,0.306,0.541,0.531,0.21,null
612,649,0.343,1.073,0.244,0.083,null
613,650,0.417,1.174,0.557,0.042,null
614,651,0.381,0.991,0.481,0.27,null
615,652,0.01,0.0,0.305,0.218,null
616,653,0.4,0.896,0.636,0.2,null
617,654,0.248,1.094,0.406,0.132,null
618,655,0.177,0.608,0.112,0.224,null
619,656,0.255,0.537,0.085,0.191,null
620,658,0.748,1.303,0.654,0.256,null
621,660,0.474,1.101,0.593,0.183,null
622,661,0.115,0.712,0.674,0.238,null
623,662,0.527,1.335,0.541,0.364,null
624,664,0.312,1.24,0.016,0.134,null
625,665,0.269,1.125,0.0,0.079,null
626,666,0.539,0.382,0.088,0.376,null
627,673,0.986,1.587,0.596,0.153,null
628,674,0.996,1.573,0.592,0.252,null
629,675,1.052,1.526,0.572,0.263,null
630,676,1.026,1.624,0.591,0.354,null
631,677,1.028,1.582,0.603,0.271,null
632,678,0.999,1.522,0.557,0.322,null
633,679,1.009,1.487,0.574,0.267,null
634,680,1.026,1.557,0.585,0.33,null
635,681,1.016,1.475,0.532,0.244,null
636,682,1.012,1.479,0.526,0.194,null
637,683,1.039,1.505,0.584,0.285,null
638,684,1.036,1.548,0.557,0.332,null
639,685,0.996,1.538,0.45,0.348,null
640,686,1.029,1.455,0.371,0.261,null
641,687,0.963,1.441,0.558,0.144,null
642,688,0.999,1.553,0.516,0.298,null
643,689,0.987,1.454,0.495,0.261,null
644,690,0.874,1.457,0.454,0.28,null
645,691,0.92,1.487,0.457,0.046,null
646,692,0.986,1.504,0.473,0.16,null
647,693,0.825,1.31,0.598,0.262,null
648,694,0.999,1.52,0.564,0.375,null
649,695,1.045,1.472,0.436,0.111,null
650,696,0.861,1.323,0.433,0.074,null
651,697,0.914,1.43,0.351,0.242,null
652,698,0.891,1.465,0.523,0.127,null
653,699,0.795,1.357,0.439,0.08,null
654,700,1.062,1.484,0.362,0.153,null
655,701,0.746,1.269,0.535,0.175,null
656,702,1.039,1.488,0.231,0.158,null
657,703,1.141,1.463,0.556,0.271,null
658,704,0.802,1.439,0.39,0.099,null
659,705,0.953,1.523,0.564,0.144,null
660,706,0.789,1.242,0.43,0.093,null
661,707,0.758,1.232,0.489,0.262,null
662,708,0.91,1.442,0.516,0.109,null
663,709,0.881,1.504,0.334,0.121,null
664,710,0.756,1.529,0.631,0.322,null
665,711,0.92,1.369,0.357,0.187,null
666,712,0.871,1.368,0.536,0.255,null
667,713,0.818,1.515,0.291,0.043,null
668,714,0.713,1.477,0.489,0.185,null
669,715,0.884,1.438,0.483,0.117,null
670,716,0.841,1.41,0.47,0.099,null
671,717,1.042,1.223,0.406,0.19,null
672,718,0.835,1.325,0.435,0.2,null
673,719,0.825,1.232,0.462,0.083,null
674,720,0.808,1.319,0.493,0.142,null
675,721,0.798,1.402,0.498,0.215,null
676,722,0.729,1.508,0.41,0.146,null
677,723,0.874,1.528,0.495,0.103,null
678,724,0.657,1.293,0.558,0.117,null
679,725,0.828,1.41,0.199,0.081,null
680,726,0.828,1.409,0.557,0.359,null
681,727,0.881,1.432,0.471,0.066,null
682,728,0.828,1.236,0.507,0.246,null
683,729,0.812,1.465,0.264,0.075,null
684,730,0.868,1.312,0.498,0.126,null
685,731,0.999,1.431,0.508,0.047,null
686,732,0.831,1.478,0.49,0.107,null
687,733,1.036,1.219,0.159,0.175,null
688,734,1.088,1.419,0.445,0.069,null
689,735,0.854,1.274,0.455,0.083,null
690,736,0.854,1.383,0.282,0.137,null
691,737,0.706,1.209,0.511,0.137,null
692,738,0.535,0.886,0.313,0.22,null
693,739,0.777,1.475,0.514,0.184,null
694,740,0.779,1.401,0.497,0.113,null
695,741,0.845,1.212,0.212,0.263,null
696,742,0.739,1.328,0.245,0.181,null
697,743,0.718,1.098,0.389,0.23,null
698,744,0.871,1.361,0.197,0.142,null
699,745,0.726,1.452,0.334,0.082,null
700,746,0.723,1.438,0.508,0.3,null
701,747,0.789,1.465,0.235,0.094,null
702,748,1.042,1.252,0.417,0.191,null
703,749,0.999,1.156,0.067,0.0,null
704,750,1.122,1.277,0.44,0.258,null
705,751,0.914,1.266,0.296,0.119,null
706,752,0.673,1.303,0.416,0.133,null
707,753,0.667,1.531,0.317,0.235,null
708,754,0.828,1.171,0.508,0.26,null
709,755,0.851,1.346,0.543,0.147,null
710,756,0.66,1.203,0.491,0.498,null
711,757,0.232,0.808,0.352,0.154,null
712,758,0.397,0.437,0.349,0.175,null
713,760,0.508,0.799,0.372,0.105,null
714,760,0.357,1.125,0.269,0.212,null
715,761,0.769,1.147,0.351,0.035,null
716,763,0.486,0.868,0.381,0.245,null
717,764,0.677,1.226,0.439,0.285,null
718,765,0.808,1.36,0.195,0.083,null
719,766,0.893,1.125,0.521,0.058,null
720,767,0.657,1.538,0.394,0.244,null
721,768,0.815,1.513,0.311,0.081,null
722,769,0.782,0.782,0.418,0.036,null
723,770,0.331,0.91,0.381,0.187,null
724,771,0.805,1.427,0.154,0.064,null
725,772,0.785,1.16,0.086,0.073,null
726,773,0.571,1.134,0.292,0.153,null
727,774,0.375,0.829,0.332,0.207,null
728,775,0.366,0.774,0.318,0.188,null
729,776,0.551,1.03,0.547,0.266,null
730,777,0.874,0.848,0.383,0.178,null
731,778,0.637,1.122,0.609,0.232,null
732,779,0.723,0.928,0.527,0.166,null
733,780,0.571,1.183,0.295,0.043,null
734,781,0.469,1.351,0.389,0.13,null
735,782,0.574,0.98,0.241,0.148,null
736,783,0.815,1.224,0.216,0.166,null
737,784,0.38,1.056,0.255,0.177,null
738,785,0.428,0.939,0.382,0.269,null
739,786,0.308,1.105,0.327,0.153,null
740,787,0.245,1.111,0.426,0.215,null
741,788,0.815,1.055,0.283,0.095,null
742,789,0.752,0.666,0.346,0.043,null
743,790,0.785,0.842,0.305,0.27,null
744,791,0.815,1.225,0.383,0.11,null
745,792,0.39,0.986,0.494,0.197,null
746,793,0.581,0.983,0.431,0.372,null
747,794,0.477,1.313,0.401,0.07,null
748,795,0.739,1.39,0.178,0.187,null
749,796,0.443,0.922,0.37,0.233,null
750,797,0.672,1.247,0.225,0.103,null
751,798,0.443,1.069,0.356,0.252,null
752,799,0.192,0.766,0.174,0.198,null
753,800,0.815,1.0,0.167,0.059,null
754,801,0.489,1.167,0.066,0.106,null
755,802,0.831,1.265,0.47,0.244,null
756,803,0.0,1.149,0.313,0.074,null
757,804,0.555,1.181,0.525,0.566,null
758,805,0.505,0.757,0.142,0.275,null
759,806,0.41,0.572,0.293,0.177,null
760,807,0.532,1.033,0.344,0.209,null
761,808,0.555,0.916,0.148,0.169,null
762,809,0.644,1.039,0.241,0.076,null
763,810,0.242,0.841,0.309,0.252,null
764,811,0.38,0.447,0.22,0.176,null
765,812,0.426,1.058,0.431,0.247,null
766,813,0.449,0.688,0.026,0.419,null
767,814,0.168,1.169,0.359,0.107,null
768,815,0.588,0.765,0.498,0.2,null
769,816,0.495,0.56,0.443,0.218,null
770,817,0.463,1.163,0.143,0.108,null
771,818,0.538,1.145,0.455,0.025,null
772,819,0.499,0.885,0.417,0.276,null
773,820,0.105,0.0,0.225,0.235,null
774,821,0.614,0.711,0.555,0.217,null
775,822,0.433,1.114,0.361,0.151,null
776,823,0.295,0.575,0.01,0.202,null
777,824,0.361,0.517,0.0,0.158,null
778,826,0.871,1.313,0.555,0.22,null
779,829,0.268,0.698,0.559,0.243,null
780,830,0.604,1.321,0.457,0.37,null
781,834,0.44,0.378,0.013,0.331,null
782,835,0.838,1.294,0.345,0.185,null
783,841,0.719,0.9543,0.9492,null,null
784,842,0.724,0.956,0.9514,null,null
785,843,0.741,0.9428,0.9213,null,null
786,844,0.73,0.9747,0.9489,null,null
787,845,0.732,0.9525,0.9558,null,null
788,846,0.723,0.9391,0.9085,null,null
789,847,0.726,0.9263,0.9391,null,null
790,848,0.732,0.9491,0.9362,null,null
791,849,0.73,0.928,0.9,null,null
792,850,0.726,0.9069,0.9056,null,null
793,851,0.736,0.9272,0.9339,null,null
794,852,0.736,0.9449,0.9154,null,null
795,853,0.723,0.9367,0.8347,null,null
796,854,0.732,0.9136,0.7476,null,null
797,855,0.713,0.9015,0.9347,null,null
798,856,0.723,0.9421,0.887,null,null
799,857,0.722,0.8989,0.8674,null,null
800,858,0.683,0.9142,0.8426,null,null
801,859,0.7005,0.9144,0.8185,null,null
802,860,0.72,0.9116,0.8136,null,null
803,861,0.6708,0.8492,0.9413,null,null
804,862,0.722,0.9304,0.9249,null,null
805,863,0.738,0.9371,0.8255,null,null
806,864,0.683,0.8387,0.8587,null,null
807,865,0.696,0.8943,0.7715,null,null
808,866,0.69,0.9228,0.8924,null,null
809,867,0.6631,0.8741,0.8542,null,null
810,868,0.744,0.9211,0.752,null,null
811,869,0.6481,0.8166,0.9081,null,null
812,870,0.736,0.8899,0.6647,null,null
813,871,0.768,0.9103,0.9266,null,null
814,872,0.6648,0.8967,0.7998,null,null
815,873,0.711,0.9396,0.9361,null,null
816,874,0.6611,0.8061,0.8338,null,null
817,875,0.6389,0.8207,0.8615,null,null
818,876,0.696,0.9021,0.8804,null,null
819,877,0.6891,0.9225,0.75,null,null
820,878,0.6511,0.9266,0.975,null,null
821,879,0.699,0.8797,0.7449,null,null
822,880,0.685,0.8763,0.9059,null,null
823,881,0.6729,0.9261,0.7474,null,null
824,882,0.635,0.9153,0.8579,null,null
825,883,0.6931,0.8743,0.8621,null,null
826,884,0.677,0.8844,0.8362,null,null
827,885,0.737,0.806,0.7799,null,null
828,886,0.6751,0.8575,0.8639,null,null
829,887,0.6721,0.8252,0.8428,null,null
830,888,0.6677,0.8465,0.8724,null,null
831,889,0.664,0.9104,0.8895,null,null
832,890,0.6461,0.9347,0.8116,null,null
833,891,0.686,0.9347,0.8777,null,null
834,892,0.6193,0.8467,0.9155,null,null
835,893,0.6761,0.9219,0.719,null,null
836,894,0.6725,0.89,0.9051,null,null
837,895,0.688,0.9006,0.8311,null,null
838,896,0.672,0.8219,0.8706,null,null
839,897,0.6681,0.9183,0.6712,null,null
840,898,0.685,0.8364,0.8598,null,null
841,899,0.724,0.8866,0.8887,null,null
842,900,0.671,0.9157,0.8581,null,null
843,901,0.736,0.7994,0.613,null,null
844,902,0.75,0.8835,0.81,null,null
845,903,0.681,0.8311,0.8248,null,null
846,904,0.6821,0.8815,0.7265,null,null
847,905,0.636,0.8031,0.8759,null,null
848,906,0.5825,0.6891,0.7348,null,null
849,907,0.6564,0.8987,0.8859,null,null
850,908,0.6581,0.8821,0.8662,null,null
851,909,0.6781,0.8292,0.6514,null,null
852,910,0.6501,0.8433,0.7216,null,null
853,911,0.641,0.8353,0.8314,null,null
854,912,0.6851,0.8553,0.6496,null,null
855,913,0.641,0.9032,0.7299,null,null
856,914,0.6411,0.8872,0.9094,null,null
857,915,0.661,0.9067,0.6392,null,null
858,916,0.737,0.8204,0.7953,null,null
859,917,0.7241,0.8144,0.5413,null,null
860,918,0.7677,0.846,0.7798,null,null
861,919,0.7021,0.8746,0.7148,null,null
862,920,0.623,0.8259,0.7732,null,null
863,921,0.623,0.9371,0.6934,null,null
864,922,0.671,0.8165,0.8946,null,null
865,923,0.6795,0.85,0.9396,null,null
866,924,0.6216,0.8084,0.8706,null,null
867,925,0.495,0.658,0.7279,null,null
868,926,0.5431,0.4687,0.7352,null,null
869,927,0.706,0.9132,0.854,null,null
870,928,0.5792,0.6402,0.7191,null,null
871,928,0.529,0.6722,0.7008,null,null
872,929,0.6551,0.8193,0.7868,null,null
873,930,0.675,0.8204,0.7388,null,null
874,931,0.572,0.7286,0.7948,null,null
875,932,0.6378,0.7855,0.7976,null,null
876,933,0.669,0.8263,0.6088,null,null
877,934,0.6929,0.7988,0.8985,null,null
878,935,0.6221,0.959,0.8265,null,null
879,936,0.668,0.9378,0.7452,null,null
880,937,0.659,0.5926,0.7721,null,null
881,938,0.527,0.7004,0.7631,null,null
882,939,0.6651,0.8904,0.6233,null,null
883,940,0.6591,0.8034,0.4666,null,null
884,941,0.596,0.7236,0.6906,null,null
885,942,0.5447,0.6376,0.7068,null,null
886,943,0.535,0.6174,0.7598,null,null
887,944,0.5871,0.7375,0.9072,null,null
888,945,0.6871,0.6711,0.782,null,null
889,946,0.6153,0.7731,0.9597,null,null
890,947,0.645,0.6873,0.9006,null,null
891,948,0.5972,0.7879,0.7048,null,null
892,949,0.5651,0.8525,0.7593,null,null
893,950,0.599,0.7477,0.6332,null,null
894,951,0.6711,0.8243,0.5514,null,null
895,952,0.5389,0.7129,0.6656,null,null
896,953,0.5501,0.6932,0.7332,null,null
897,954,0.5173,0.7315,0.7116,null,null
898,955,0.4986,0.7372,0.7596,null,null
899,956,0.6675,0.7575,0.712,null,null
900,957,0.645,0.629,0.8016,null,null
901,958,0.6601,0.6947,0.6479,null,null
902,959,0.668,0.8022,0.751,null,null
903,960,0.5421,0.7239,0.8645,null,null
904,961,0.601,0.7027,0.8297,null,null
905,962,0.565,0.8469,0.7675,null,null
906,963,0.6461,0.8789,0.6631,null,null
907,964,0.561,0.7093,0.7353,null,null
908,965,0.6225,0.8253,0.6458,null,null
909,966,0.5571,0.765,0.7317,null,null
910,967,0.4822,0.6324,0.5873,null,null
911,968,0.669,0.6887,0.5934,null,null
912,969,0.5701,0.7908,0.5515,null,null
913,970,0.672,0.8254,0.8376,null,null
914,971,0.5119,0.7703,0.6468,null,null
915,972,0.5896,0.7844,0.8951,null,null
916,973,0.5735,0.6257,0.5476,null,null
917,974,0.5472,0.5513,0.6498,null,null
918,975,0.5864,0.7433,0.7408,null,null
919,976,0.5911,0.6682,0.5576,null,null
920,977,0.6178,0.7354,0.7084,null,null
921,978,0.5087,0.6361,0.7153,null,null
922,979,0.534,0.4903,0.6264,null,null
923,980,0.553,0.6988,0.8065,null,null
924,981,0.556,0.5932,0.5378,null,null
925,982,0.48,0.7805,0.7381,null,null
926,983,0.6022,0.5922,0.8814,null,null
927,984,0.5759,0.544,0.8032,null,null
928,985,0.5673,0.818,0.5999,null,null
929,986,0.5892,0.7791,0.8213,null,null
930,987,0.575,0.6889,0.8215,null,null
931,988,0.452,0.3195,0.6409,null,null
932,989,0.611,0.5408,0.9006,null,null
933,990,0.5562,0.7631,0.7115,null,null
934,991,0.51,0.5537,0.4513,null,null
935,992,0.5259,0.4704,0.3966,null,null
936,1009,0.72,0.954,0.949,null,null
937,1010,0.727,0.954,0.946,null,null
938,1011,0.744,0.942,0.919,null,null
939,1012,0.73,0.983,0.955,null,null
940,1013,0.733,0.954,0.96,null,null
941,1014,0.724,0.942,0.913,null,null
942,1015,0.727,0.934,0.945,null,null
943,1016,0.734,0.948,0.929,null,null
944,1017,0.733,0.934,0.908,null,null
945,1018,0.726,0.908,0.907,null,null
946,1019,0.738,0.926,0.915,null,null
947,1020,0.739,0.94,0.914,null,null
948,1021,0.725,0.934,0.859,null,null
949,1022,0.735,0.939,0.8,null,null
950,1023,0.714,0.891,0.934,null,null
951,1024,0.724,0.947,0.879,null,null
952,1025,0.725,0.903,0.875,null,null
953,1026,0.682,0.92,0.837,null,null
954,1027,0.7081,0.947,0.858,null,null
955,1028,0.722,0.906,0.783,null,null
956,1029,0.6733,0.844,0.932,null,null
957,1030,0.722,0.931,0.927,null,null
958,1031,0.74,0.942,0.822,null,null
959,1032,0.686,0.831,0.862,null,null
960,1033,0.696,0.898,0.784,null,null
961,1034,0.691,0.925,0.896,null,null
962,1035,0.666,0.891,0.877,null,null
963,1036,0.747,0.932,0.761,null,null
964,1037,0.6496,0.813,0.906,null,null
965,1038,0.738,0.88,0.693,null,null
966,1039,0.7695,0.915,0.927,null,null
967,1040,0.666,0.882,0.804,null,null
968,1041,0.714,0.948,0.949,null,null
969,1042,0.664,0.762,0.888,null,null
970,1043,0.6381,0.821,0.869,null,null
971,1044,0.6965,0.896,0.872,null,null
972,1045,0.692,0.936,0.766,null,null
973,1046,0.6526,0.918,0.97,null,null
974,1047,0.7,0.882,0.742,null,null
975,1048,0.695,0.862,0.925,null,null
976,1049,0.6791,0.935,0.773,null,null
977,1051,0.697,0.898,0.841,null,null
978,1052,0.68,0.847,0.837,null,null
979,1053,0.739,0.802,0.763,null,null
980,1054,0.6766,0.864,0.836,null,null
981,1055,0.6736,0.832,0.845,null,null
982,1056,0.669,0.843,0.867,null,null
983,1057,0.667,0.905,0.867,null,null
984,1058,0.652,0.952,0.853,null,null
985,1059,0.688,0.941,0.909,null,null
986,1060,0.62,0.83,0.917,null,null
987,1061,0.68,0.943,0.755,null,null
988,1062,0.674,0.888,0.884,null,null
989,1063,0.69,0.898,0.828,null,null
990,1064,0.673,0.812,0.857,null,null
991,1065,0.671,0.927,0.715,null,null
992,1066,0.688,0.821,0.842,null,null
993,1067,0.726,0.879,0.892,null,null
994,1068,0.675,0.877,0.89,null,null
995,1069,0.739,0.799,0.672,null,null
996,1070,0.751,0.884,0.796,null,null
997,1071,0.6825,0.832,0.822,null,null
998,1072,0.686,0.873,0.778,null,null
999,1073,0.639,0.81,0.875,null,null
1000,1074,0.5871,0.651,0.726,null,null
1001,1075,0.659,0.893,0.876,null,null
1002,1076,0.661,0.853,0.86,null,null
1003,1077,0.681,0.87,0.706,null,null
1004,1078,0.657,0.857,0.822,null,null
1005,1079,0.6428,0.86,0.832,null,null
1006,1080,0.687,0.858,0.708,null,null
1007,1081,0.647,0.903,0.718,null,null
1008,1082,0.644,0.893,0.935,null,null
1009,1083,0.6625,0.91,0.65,null,null
1010,1084,0.739,0.82,0.795,null,null
1011,1085,0.726,0.823,0.582,null,null
1012,1086,0.7682,0.836,0.717,null,null
1013,1087,0.708,0.924,0.754,null,null
1014,1088,0.623,0.827,0.771,null,null
1015,1089,0.625,0.935,0.708,null,null
1016,1090,0.671,0.817,0.895,null,null
1017,1091,0.6803,0.85,0.94,null,null
1018,1092,0.6224,0.811,0.873,null,null
1019,1093,0.5011,0.644,0.741,null,null
1020,1094,0.5471,0.489,0.757,null,null
1021,1095,0.706,0.913,0.854,null,null
1022,1096,0.5822,0.636,0.695,null,null
1023,1097,0.6566,0.836,0.814,null,null
1024,1099,0.5759,0.727,0.807,null,null
1025,1100,0.6423,0.774,0.782,null,null
1026,1101,0.672,0.822,0.576,null,null
1027,1102,0.6959,0.811,0.904,null,null
1028,1103,0.6241,0.983,0.877,null,null
1029,1104,0.67,0.931,0.788,null,null
1030,1105,0.6621,0.56,0.774,null,null
1031,1106,0.5352,0.71,0.731,null,null
1032,1107,0.667,0.861,0.615,null,null
1033,1108,0.66,0.802,0.48,null,null
1034,1109,0.598,0.71,0.695,null,null
1035,1110,0.5501,0.639,0.697,null,null
1036,1111,0.5378,0.641,0.806,null,null
1037,1112,0.5897,0.728,0.91,null,null
1038,1113,0.69,0.697,0.785,null,null
1039,1114,0.62,0.765,0.959,null,null
1040,1115,0.648,0.693,0.877,null,null
1041,1116,0.5996,0.776,0.731,null,null
1042,1117,0.569,0.86,0.749,null,null
1043,1118,0.6058,0.746,0.63,null,null
1044,1119,0.6736,0.848,0.525,null,null
1045,1120,0.5415,0.672,0.695,null,null
1046,1121,0.5516,0.69,0.697,null,null
1047,1122,0.5197,0.724,0.697,null,null
1048,1123,0.501,0.74,0.737,null,null
1049,1124,0.6706,0.799,0.825,null,null
1050,1125,0.643,0.671,0.783,null,null
1051,1126,0.663,0.71,0.608,null,null
1052,1127,0.67,0.767,0.755,null,null
1053,1128,0.5471,0.744,0.882,null,null
1054,1129,0.607,0.688,0.779,null,null
1055,1130,0.568,0.818,0.719,null,null
1056,1131,0.649,0.888,0.724,null,null
1057,1132,0.565,0.72,0.735,null,null
1058,1133,0.6225,0.826,0.653,null,null
1059,1134,0.561,0.781,0.709,null,null
1060,1135,0.4848,0.619,0.579,null,null
1061,1136,0.672,0.691,0.656,null,null
1062,1137,0.5716,0.795,0.561,null,null
1063,1138,0.673,0.827,0.841,null,null
1064,1139,0.5083,0.77,0.647,null,null
1065,1140,0.593,0.779,0.876,null,null
1066,1141,0.5735,0.626,0.548,null,null
1067,1142,0.5491,0.569,0.619,null,null
1068,1143,0.59,0.764,0.752,null,null
1069,1144,0.593,0.686,0.552,null,null
1070,1145,0.62,0.75,0.749,null,null
1071,1146,0.5165,0.63,0.717,null,null
1072,1147,0.534,0.49,0.626,null,null
1073,1148,0.5581,0.708,0.782,null,null
1074,1149,0.557,0.54,0.593,null,null
1075,1150,0.487,0.787,0.715,null,null
1076,1151,0.6063,0.603,0.893,null,null
1077,1152,0.5795,0.537,0.78,null,null
1078,1153,0.5712,0.832,0.602,null,null
1079,1154,0.5927,0.784,0.824,null,null
1080,1155,0.58,0.702,0.833,null,null
1081,1157,0.614,0.552,0.897,null,null
1082,1158,0.562,0.75,0.677,null,null
1083,1160,0.5249,0.463,0.382,null,null
1084,1171,0.6547,0.805,0.751,null,null
1085,1177,0.775,1.258,0.736,null,null
1086,1178,0.777,1.243,0.719,null,null
1087,1179,0.822,1.226,0.677,null,null
1088,1180,0.803,1.32,0.718,null,null
1089,1181,0.786,1.239,0.728,null,null
1090,1182,0.787,1.206,0.651,null,null
1091,1183,0.803,1.204,0.724,null,null
1092,1184,0.752,1.235,0.68,null,null
1093,1185,0.774,1.165,0.623,null,null
1094,1186,0.79,1.155,0.7,null,null
1095,1187,0.783,1.188,0.659,null,null
1096,1188,0.772,1.203,0.676,null,null
1097,1189,0.75,1.143,0.597,null,null
1098,1190,0.818,1.221,0.568,null,null
1099,1191,0.744,1.054,0.661,null,null
1100,1192,0.779,1.166,0.627,null,null
1101,1193,0.776,1.088,0.585,null,null
1102,1194,0.628,1.182,0.574,null,null
1103,1196,0.764,1.106,0.492,null,null
1104,1197,0.633,0.98,0.702,null,null
1105,1198,0.789,1.169,0.679,null,null
1106,1199,0.808,1.219,0.567,null,null
1107,1200,0.623,0.886,0.621,null,null
1108,1201,0.733,1.095,0.542,null,null
1109,1202,0.672,1.18,0.665,null,null
1110,1203,0.577,1.092,0.651,null,null
1111,1204,0.808,1.211,0.505,null,null
1112,1205,0.522,0.831,0.662,null,null
1113,1206,0.801,1.052,0.412,null,null
1114,1207,0.851,1.127,0.672,null,null
1115,1208,0.615,1.044,0.546,null,null
1116,1209,0.769,1.249,0.685,null,null
1117,1210,0.607,0.768,0.666,null,null
1118,1211,0.569,0.949,0.599,null,null
1119,1212,0.709,1.107,0.592,null,null
1120,1213,0.707,1.232,0.479,null,null
1121,1214,0.6,1.092,0.716,null,null
1122,1215,0.748,1.08,0.46,null,null
1123,1216,0.625,1.029,0.693,null,null
1124,1217,0.659,1.204,0.496,null,null
1125,1219,0.712,1.174,0.523,null,null
1126,1220,0.72,0.929,0.545,null,null
1127,1221,0.819,0.909,0.448,null,null
1128,1222,0.617,1.029,0.617,null,null
1129,1223,0.655,1.006,0.605,null,null
1130,1224,0.747,0.983,0.617,null,null
1131,1225,0.568,1.116,0.589,null,null
1132,1226,0.611,1.22,0.584,null,null
1133,1227,0.728,1.232,0.689,null,null
1134,1228,0.514,0.912,0.678,null,null
1135,1229,0.668,1.233,0.485,null,null
1136,1230,0.697,1.096,0.617,null,null
1137,1231,0.662,1.102,0.555,null,null
1138,1232,0.555,0.885,0.582,null,null
1139,1233,0.637,1.221,0.502,null,null
1140,1234,0.708,0.879,0.565,null,null
1141,1235,0.777,1.078,0.655,null,null
1142,1236,0.646,1.045,0.567,null,null
1143,1237,0.841,0.886,0.414,null,null
1144,1238,0.866,1.089,0.537,null,null
1145,1239,0.735,0.865,0.545,null,null
1146,1240,0.658,1.086,0.546,null,null
1147,1241,0.555,0.88,0.627,null,null
1148,1242,0.374,0.413,0.448,null,null
1149,1243,0.624,1.13,0.629,null,null
1150,1244,0.577,1.003,0.606,null,null
1151,1245,0.665,1.068,0.448,null,null
1152,1246,0.597,1.008,0.561,null,null
1153,1247,0.518,1.005,0.572,null,null
1154,1248,0.659,1.023,0.46,null,null
1155,1249,0.586,1.095,0.401,null,null
1156,1250,0.638,1.109,0.693,null,null
1157,1251,0.629,1.157,0.342,null,null
1158,1252,0.819,0.888,0.523,null,null
1159,1253,0.774,0.98,0.249,null,null
1160,1254,0.942,0.954,0.4,null,null
1161,1255,0.709,1.183,0.535,null,null
1162,1256,0.606,0.943,0.477,null,null
1163,1257,0.467,1.197,0.398,null,null
1164,1258,0.62,0.938,0.654,null,null
1165,1259,0.611,0.932,0.707,null,null
1166,1260,0.539,0.883,0.62,null,null
1167,1261,0.322,0.442,0.451,null,null
1168,1262,0.335,0.064,0.479,null,null
1169,1264,0.355,0.405,0.431,null,null
1170,1265,0.56,1.093,0.601,null,null
1171,1267,0.409,0.595,0.5,null,null
1172,1268,0.499,0.784,0.519,null,null
1173,1269,0.702,0.865,0.209,null,null
1174,1270,0.705,0.958,0.656,null,null
1175,1271,0.516,1.319,0.649,null,null
1176,1272,0.64,1.163,0.563,null,null
1177,1273,0.565,0.268,0.492,null,null
1178,1274,0.317,0.672,0.397,null,null
1179,1275,0.578,0.968,0.283,null,null
1180,1276,0.643,0.97,0.146,null,null
1181,1277,0.447,0.53,0.494,null,null
1182,1278,0.275,0.566,0.334,null,null
1183,1279,0.326,0.56,0.571,null,null
1184,1280,0.479,0.654,0.679,null,null
1185,1281,0.719,0.646,0.511,null,null
1186,1282,0.505,0.732,0.74,null,null
1187,1283,0.581,0.614,0.622,null,null
1188,1284,0.396,0.738,0.343,null,null
1189,1285,0.361,1.088,0.442,null,null
1190,1286,0.554,0.682,0.328,null,null
1191,1287,0.631,0.498,0.103,null,null
1192,1288,0.32,0.565,0.382,null,null
1193,1289,0.369,0.621,0.367,null,null
1194,1290,0.311,0.483,0.35,null,null
1195,1291,0.3,0.732,0.444,null,null
1196,1292,0.668,0.82,0.558,null,null
1197,1293,0.595,0.612,0.508,null,null
1198,1294,0.642,0.741,0.281,null,null
1199,1295,0.675,0.724,0.476,null,null
1200,1296,0.191,0.66,0.593,null,null
1201,1297,0.401,0.605,0.44,null,null
1202,1298,0.354,0.877,0.384,null,null
1203,1299,0.583,1.081,0.473,null,null
1204,1300,0.309,0.67,0.405,null,null
1205,1301,0.521,0.957,0.336,null,null
1206,1302,0.418,0.875,0.402,null,null
1207,1303,0.225,0.506,0.18,null,null
1208,1304,0.656,0.596,0.316,null,null
1209,1305,0.45,0.865,0.304,null,null
1210,1306,0.66,0.934,0.529,null,null
1211,1308,0.491,0.829,0.513,null,null
1212,1309,0.424,0.476,0.185,null,null
1213,1310,0.36,0.322,0.292,null,null
1214,1311,0.457,0.809,0.472,null,null
1215,1312,0.378,0.645,0.202,null,null
1216,1313,0.548,0.732,0.469,null,null
1217,1314,0.273,0.416,0.387,null,null
1218,1316,0.306,0.577,0.525,null,null
1219,1318,0.0,0.848,0.419,null,null
1220,1319,0.471,0.376,0.647,null,null
1221,1320,0.388,0.279,0.477,null,null
1222,1321,0.384,1.043,0.33,null,null
1223,1322,0.28,0.815,0.571,null,null
1224,1323,0.425,0.597,0.578,null,null
1225,1325,0.462,0.133,0.621,null,null
1226,1326,0.27,0.69,0.329,null,null
1227,1328,0.289,0.0,0.0,null,null
1228,1339,0.637,0.863,0.488,null,null
1229,1342,0.715,1.26,0.66,null,null
1230,1343,0.197,0.786,0.259,null,null
1231,1345,0.7115,0.969,0.961,-0.019,null
1232,1346,0.7125,0.954,0.934,0.134,null
1233,1347,0.729,0.92,0.891,0.027,null
1234,1348,0.7205,0.983,0.936,0.211,null
1235,1349,0.715,0.943,0.947,0.141,null
1236,1350,0.7155,0.93,0.887,0.213,null
1237,1351,0.7215,0.939,0.948,0.165,null
1238,1352,0.7035,0.952,0.887,0.175,null
1239,1353,0.7115,0.888,0.855,0.102,null
1240,1354,0.7168,0.879,0.915,0.024,null
1241,1355,0.714,0.929,0.874,0.153,null
1242,1356,0.7105,0.934,0.89,0.198,null
1243,1357,0.703,0.882,0.852,0.253,null
1244,1358,0.727,0.943,0.809,-0.023,null
1245,1359,0.7,0.872,0.895,-0.07,null
1246,1360,0.713,0.905,0.874,0.092,null
1247,1361,0.713,0.896,0.846,0.03,null
1248,1362,0.6585,0.919,0.8,0.137,null
1249,1364,0.709,0.915,0.825,0.001,null
1250,1365,0.6624,0.826,0.942,0.096,null
1251,1366,0.716,0.923,0.886,0.119,null
1252,1367,0.723,0.909,0.819,-0.1,null
1253,1368,0.658,0.804,0.856,-0.094,null
1254,1369,0.696,0.884,0.804,-0.129,null
1255,1370,0.675,0.913,0.895,-0.065,null
1256,1371,0.644,0.884,0.894,-0.081,null
1257,1372,0.7235,0.932,0.782,-0.066,null
1258,1373,0.629,0.812,0.856,-0.057,null
1259,1374,0.7205,0.882,0.711,-0.074,null
1260,1375,0.738,0.878,0.878,0.063,null
1261,1376,0.6575,0.836,0.801,-0.009,null
1262,1377,0.7105,0.951,0.913,0.014,null
1263,1378,0.656,0.755,0.918,-0.108,null
1264,1379,0.6519,0.844,0.861,0.259,null
1265,1380,0.6895,0.896,0.855,-0.133,null
1266,1381,0.6884,0.953,0.753,-0.016,null
1267,1382,0.653,0.875,0.938,0.23,null
1268,1383,0.703,0.889,0.792,-0.011,null
1269,1384,0.6582,0.844,0.944,0.117,null
1270,1385,0.674,0.939,0.748,-0.145,null
1271,1387,0.6905,0.925,0.765,-0.031,null
1272,1388,0.6935,0.822,0.804,-0.104,null
1273,1389,0.728,0.826,0.724,-0.06,null
1274,1390,0.6565,0.853,0.877,0.021,null
1275,1391,0.6705,0.848,0.856,-0.172,null
1276,1393,0.6385,0.888,0.813,-0.028,null
1277,1394,0.658,0.931,0.853,0.0,null
1278,1395,0.6965,0.946,0.929,0.032,null
1279,1396,0.6204,0.78,0.919,-0.06,null
1280,1397,0.675,0.943,0.758,-0.059,null
1281,1398,0.6845,0.874,0.85,0.289,null
1282,1399,0.672,0.891,0.823,-0.089,null
1283,1400,0.6406,0.766,0.843,0.097,null
1284,1401,0.664,0.937,0.818,-0.056,null
1285,1402,0.69,0.806,0.802,-0.108,null
1286,1403,0.7125,0.878,0.902,-0.196,null
1287,1404,0.666,0.867,0.822,-0.106,null
1288,1405,0.7365,0.812,0.717,-0.046,null
1289,1406,0.7435,0.894,0.799,-0.237,null
1290,1407,0.6985,0.798,0.794,-0.119,null
1291,1408,0.6709,0.873,0.845,0.204,null
1292,1409,0.636,0.811,0.868,-0.063,null
1293,1410,0.5731,0.601,0.766,0.008,null
1294,1411,0.659,0.906,0.891,0.021,null
1295,1412,0.644,0.827,0.85,-0.099,null
1296,1413,0.6728,0.88,0.746,0.206,null
1297,1414,0.653,0.857,0.84,-0.08,null
1298,1415,0.6223,0.836,0.832,-0.06,null
1299,1416,0.671,0.89,0.805,0.063,null
1300,1417,0.6495,0.889,0.719,-0.03,null
1301,1418,0.6685,0.911,0.934,0.181,null
1302,1421,0.7115,0.835,0.568,-0.24,null
1303,1422,0.7728,0.817,0.687,-0.026,null
1304,1423,0.6895,0.917,0.757,-0.093,null
1305,1425,0.605,0.933,0.701,0.19,null
1306,1426,0.6566,0.799,0.877,0.16,null
1307,1427,0.655,0.821,0.939,-0.004,null
1308,1428,0.6305,0.804,0.88,0.531,null
1309,1429,0.5595,0.572,0.733,0.003,null
1310,1430,0.5609,0.437,0.743,-0.043,null
1311,1432,0.5685,0.605,0.73,-0.004,null
1312,1432,0.5538,0.652,0.664,0.086,null
1313,1435,0.5876,0.641,0.777,0.139,null
1314,1436,0.6185,0.748,0.808,0.146,null
1315,1437,0.6866,0.796,0.475,-0.077,null
1316,1438,0.6869,0.836,0.882,-0.041,null
1317,1440,0.665,0.918,0.801,-0.057,null
1318,1441,0.639,0.553,0.787,-0.231,null
1319,1442,0.5585,0.686,0.686,0.015,null
1320,1443,0.6405,0.839,0.659,0.128,null
1321,1444,0.6655,0.855,0.571,-0.117,null
1322,1445,0.6,0.629,0.772,0.011,null
1323,1446,0.5419,0.649,0.659,0.125,null
1324,1447,0.5655,0.59,0.788,0.032,null
1325,1448,0.6095,0.679,0.919,0.091,null
1326,1449,0.6915,0.718,0.794,-0.007,null
1327,1450,0.619,0.747,0.958,0.073,null
1328,1451,0.6455,0.544,0.845,0.005,null
1329,1452,0.5825,0.746,0.642,-0.187,null
1330,1453,0.5699,0.907,0.73,-0.087,null
1331,1454,0.6342,0.718,0.646,-0.005,null
1332,1455,0.6615,0.53,0.474,-0.141,null
1333,1456,0.5546,0.663,0.696,0.095,null
1334,1457,0.579,0.584,0.596,0.364,null
1335,1458,0.554,0.593,0.713,-0.028,null
1336,1459,0.5489,0.74,0.718,0.073,null
1337,1460,0.6779,0.79,0.796,-0.155,null
1338,1461,0.6495,0.716,0.786,-0.254,null
1339,1462,0.666,0.778,0.593,0.173,null
1340,1463,0.676,0.729,0.77,-0.15,null
1341,1464,0.5153,0.692,0.851,0.047,null
1342,1465,0.585,0.69,0.696,0.288,null
1343,1466,0.5685,0.787,0.669,-0.126,null
1344,1467,0.6455,0.878,0.795,0.24,null
1345,1468,0.567,0.596,0.735,0.154,null
1346,1470,0.5891,0.794,0.701,0.114,null
1347,1471,0.5312,0.722,0.677,0.221,null
1348,1472,0.67,0.73,0.576,-0.213,null
1349,1473,0.6048,0.644,0.622,-0.013,null
1350,1474,0.6715,0.826,0.787,-0.03,null
1351,1476,0.6139,0.787,0.727,0.491,null
1352,1477,0.5942,0.471,0.47,-0.014,null
1353,1478,0.5745,0.595,0.657,0.024,null
1354,1479,0.607,0.782,0.72,0.273,null
1355,1480,0.5805,0.65,0.522,0.075,null
1356,1481,0.635,0.726,0.732,-0.183,null
1357,1482,0.549,0.555,0.66,0.105,null
1358,1484,0.5503,0.694,0.791,0.098,null
1359,1487,0.6078,0.608,0.897,0.072,null
1360,1488,0.5848,0.531,0.75,0.005,null
1361,1490,0.5472,0.753,0.742,-0.215,null
1362,1491,0.594,0.653,0.838,0.182,null
1363,1494,0.5405,0.69,0.654,-0.046,null
1364,1496,0.5471,0.341,0.382,-0.081,null
1365,1507,0.665,0.805,0.769,0.131,null
1366,1510,0.6905,0.953,0.903,0.04,null
